Join Date,Name,Completed
"Sep 6, 2019, 5:04:10 AM",September Cycling Distance Challenge,true
"Sep 9, 2019, 8:38:16 AM",September Gran Fondo,true
"Sep 9, 2019, 8:39:55 AM",Le Col Vuelta Challenge,true
"Sep 9, 2019, 8:41:16 AM",September Cycling Climbing Challenge,true
"Sep 23, 2019, 3:51:14 PM",Zwift x World Champs Challenge,true
"Sep 25, 2019, 4:51:20 AM",October Gran Fondo,true
"Sep 25, 2019, 4:51:23 AM",October Cycling Distance Challenge,true
"Sep 25, 2019, 4:51:24 AM",October Cycling Climbing Challenge,true
"Sep 27, 2019, 2:29:00 AM",The Escape Plan,false
"Oct 18, 2019, 11:37:23 AM",Le Col Century Challenge,true
"Oct 27, 2019, 9:36:03 PM",November Cycling Climbing Challenge,true
"Oct 27, 2019, 9:36:08 PM",November Gran Fondo,true
"Nov 1, 2019, 1:51:00 PM",November Cycling Distance Challenge,true
"Nov 22, 2019, 3:43:36 PM",Le Col Off-Season Challenge,true
"Nov 27, 2019, 6:21:34 AM",December Cycling Distance Challenge,false
"Nov 27, 2019, 6:21:36 AM",December Gran Fondo,true
"Nov 27, 2019, 8:19:43 AM",December Cycling Climbing Challenge,false
"Dec 29, 2019, 2:02:39 PM",January Gran Fondo,false
"Jan 5, 2020, 12:25:57 PM",January Cycling Climbing Challenge,false
"Jan 5, 2020, 12:25:59 PM",Le Col New Year Challenge,false
"Jan 25, 2020, 9:40:59 AM",February Cycling Climbing Challenge,false
"Jan 25, 2020, 9:41:05 AM",February Cycling Distance Challenge,false
"Jan 25, 2020, 9:41:21 AM",February Triathlon Challenge,false
"Jan 25, 2020, 9:41:25 AM",February Gran Fondo,false
"Jan 25, 2020, 9:42:07 AM",February Commute Challenge,false
"Feb 10, 2020, 11:47:03 PM",Le Col 110km Challenge,true
"Mar 8, 2020, 5:43:42 AM",March Cycling Distance Challenge,false
"Mar 8, 2020, 5:43:44 AM",March Commute Challenge,false
"Mar 8, 2020, 5:43:45 AM",March Recovery Challenge,false
"Mar 8, 2020, 5:43:50 AM",March Rollout Challenge,false
"Mar 8, 2020, 5:43:52 AM",March Long Day Challenge,true
"Mar 8, 2020, 5:43:54 AM",March Cycling Climbing Challenge,false
"Mar 9, 2020, 7:46:00 AM",Le Col Classics Challenge,true
"Mar 9, 2020, 7:46:38 AM",March Gran Fondo,false
"Mar 25, 2020, 6:35:47 PM",Crush It 4 Climate,true
"Apr 5, 2020, 4:19:31 AM",Le Col Keep Active Challenge,true
"Apr 5, 2020, 4:19:44 AM",April Cycling Distance Challenge,true
"Apr 5, 2020, 4:19:45 AM",April Cycling Climbing Challenge,false
"Apr 5, 2020, 4:19:46 AM",April Gran Fondo,true
"Apr 26, 2020, 2:32:32 AM",May Gran Fondo,true
"Apr 26, 2020, 2:32:34 AM",May Cycling Distance Challenge,true
"Apr 26, 2020, 2:32:35 AM",May Run Climbing Challenge,false
"Apr 26, 2020, 2:32:50 AM",May – Ride On Challenge,true
"Apr 26, 2020, 2:32:54 AM",May Cycling Climbing Challenge,true
"Apr 26, 2020, 8:49:43 AM",FUTURUM PROFORMANCE 150,true
"Apr 26, 2020, 10:35:12 AM",lululemon Move and Stay Connected Challenge,true
"May 2, 2020, 6:02:33 AM",FOCUS Beat Your Screen Time Challenge,true
"May 2, 2020, 6:03:27 AM",SOLOdarity,true
"May 15, 2020, 11:20:28 PM",Le Col Fit for 300 Challenge,true
"May 17, 2020, 12:23:11 PM",1 Hour Acceptance Challenge by GiGi's Playhouse,true
"May 17, 2020, 12:54:51 PM",everve - ultimate miles reward,true
"May 19, 2020, 7:07:53 AM",ROKA Breakthrough 30,true
"May 19, 2020, 7:07:57 AM",Nuun Podium Series Challenge,true
"May 21, 2020, 2:53:21 PM",Explor. Ride,true
"May 24, 2020, 10:25:53 AM",FuturumShop 125km Challenge,true
"May 26, 2020, 5:00:26 AM",June Gran Fondo,true
"May 26, 2020, 5:00:27 AM",June Cycling Challenge,true
"May 26, 2020, 5:00:45 AM",June Cycling Climbing Challenge,false
"May 26, 2020, 5:00:49 AM",June Cycling Distance Challenge,true
"May 30, 2020, 2:48:02 PM",Nuzest 'Strive & Thrive' Challenge,true
"May 30, 2020, 2:48:10 PM",TRIBE Ride 100 for Love,true
"Jun 1, 2020, 7:31:53 AM",June Recovery Challenge,false
"Jun 2, 2020, 6:14:13 AM",June Run Climbing Challenge,false
"Jun 15, 2020, 4:36:38 PM",Pas Normal Studios Midsommer - The Longest Day,false
"Jun 20, 2020, 10:49:57 AM",PowerDot Grand Tour,true
"Jun 20, 2020, 10:50:26 AM",Le Col Faster Further 400 Challenge,true
"Jun 26, 2020, 9:19:58 AM",July Cycling Challenge,true
"Jun 26, 2020, 9:19:59 AM",July Cycling Endurance Challenge,true
"Jun 26, 2020, 9:20:09 AM",July Gran Fondo,true
"Jun 26, 2020, 9:20:12 AM",July Cycling Climbing Challenge,true
"Jun 26, 2020, 9:20:14 AM",July Cycling Distance Challenge,true
"Jun 26, 2020, 9:20:22 AM",Summer of Skratch,true
"Jun 26, 2020, 9:20:25 AM",FUTURUM PROFORMANCE 160,true
"Jun 26, 2020, 9:20:30 AM",Jumbo Foodcoach Challenge,true
"Jun 26, 2020, 9:20:41 AM",Alzheimer's Society - Cycle for Dementia,true
"Jul 7, 2020, 3:51:31 PM",AfterShokz 100KM Challenge,true
"Jul 9, 2020, 2:06:17 PM",Amp Human Love Your Trail Challenge,true
"Jul 9, 2020, 3:01:02 PM",Let’s Push 500km,true
"Jul 13, 2020, 3:54:31 AM",Trek Century Challenge,true
"Jul 15, 2020, 3:55:20 PM",SHIMANO Grand Tour,true
"Jul 17, 2020, 12:02:57 AM",ROKA Tour de DIY,true
"Jul 17, 2020, 1:58:36 PM",Le Col Flat Out For 5,true
"Jul 20, 2020, 11:39:57 PM",Fabletics Back on Track! 2020 Challenge,true
"Jul 20, 2020, 11:40:01 PM",Red Bull Kilometerzähler,true
"Jul 27, 2020, 4:00:58 PM",HIGH5 Beat the Wall 32 Challenge,false
"Jul 28, 2020, 11:28:06 AM",LG Get Started Virtual 5K,false
"Jul 28, 2020, 11:28:10 AM",Kyoku Recover to Improve,true
"Jul 29, 2020, 5:27:11 AM",August Gran Fondo,true
"Jul 29, 2020, 5:27:11 AM",August Cycling Endurance Challenge,false
"Jul 29, 2020, 5:27:13 AM",August Cycling Climbing Challenge,false
"Jul 29, 2020, 5:27:16 AM",August Cycling Distance Challenge,false
"Jul 29, 2020, 5:27:17 AM",August Cycling Challenge,true
"Aug 14, 2020, 6:30:08 PM",Unterwegs mit Freunden: 160km,false
"Aug 14, 2020, 6:30:09 PM",Rhone's Midsummer Challenge,true
"Aug 14, 2020, 6:30:18 PM",Picky Bars H(eat) it up Hundred,true
"Aug 17, 2020, 9:41:28 AM",BUBS Naturals Self-Improvement Challenge,false
"Aug 25, 2020, 2:08:38 PM",ROKA Le Défi 100: The Sequel,true
"Aug 26, 2020, 3:55:22 AM",September Cycling Challenge,true
"Aug 26, 2020, 3:55:25 AM",September Cycling Distance Challenge,true
"Aug 26, 2020, 3:55:26 AM",September Gran Fondo,true
"Aug 30, 2020, 10:39:09 PM",September Cycling Endurance Challenge,true
"Aug 30, 2020, 10:39:11 PM",September Cycling Climbing Challenge,true
"Sep 1, 2020, 10:25:40 PM",Le Col Tour Challenge,true
"Sep 13, 2020, 8:57:33 AM",Nuzest Chase The Sun,true
"Sep 13, 2020, 8:57:42 AM",50 on for 50 off: Movin’ with Verb Energy,true
"Sep 16, 2020, 3:36:08 AM",Skratch: PR with Superfuel,true
"Sep 16, 2020, 8:39:41 AM",Fleet Feet x On Motivate Your State,false
"Sep 16, 2020, 2:23:28 PM",Setembro Verde - Doando Vidas,true
"Sep 21, 2020, 9:48:34 AM",Ride to End ALZ Training Challenge,true
"Sep 24, 2020, 2:01:16 PM",Ride for Challenged Athletes Foundation,true
"Sep 26, 2020, 6:40:42 AM",October Cycling Distance Challenge,true
"Sep 26, 2020, 6:40:44 AM",October Cycling Endurance Challenge,true
"Sep 26, 2020, 6:40:45 AM",Le Col Giro Challenge,true
"Sep 26, 2020, 6:40:47 AM",October Cycling Climbing Challenge,true
"Sep 26, 2020, 6:40:48 AM",October Cycling Challenge,true
"Sep 26, 2020, 6:40:49 AM",October Gran Fondo,true
"Oct 6, 2020, 2:39:49 PM",FuturumShop Autumn240 Challenge,true
"Oct 6, 2020, 2:39:51 PM",The Sur Six,true
"Oct 6, 2020, 2:39:54 PM",2020 Children's Rights Challenge,true
"Oct 6, 2020, 2:39:56 PM",Black Sheep ONE:5,true
"Oct 6, 2020, 2:39:56 PM",Bose Frames Tempo Challenge,true
"Oct 16, 2020, 6:07:15 AM",dhb Beat The Chill,true
"Oct 28, 2020, 8:35:13 AM",November Cycling Climbing Challenge,false
"Oct 28, 2020, 8:35:14 AM",November Cycling Distance Challenge,false
"Oct 28, 2020, 8:35:15 AM",November Cycling Challenge,false
"Oct 28, 2020, 8:35:16 AM",November Gran Fondo,true
"Oct 28, 2020, 8:35:17 AM",November Favorite Way 400K,true
"Oct 28, 2020, 8:35:22 AM",November Cycling Endurance Challenge,false
"Oct 28, 2020, 10:12:33 AM",The Nuun 10-10-2020 Challenge,true
"Oct 28, 2020, 10:12:38 AM",Castelli Paris-Roubaix Challenge,true
"Oct 31, 2020, 2:36:26 PM",Le Col Rise Above Winter Challenge,true
"Nov 1, 2020, 11:37:26 AM",The ROKA N+1 Challenge,true
"Nov 1, 2020, 2:37:01 PM",Move in Merino by Woolmark,true
"Nov 7, 2020, 9:09:56 AM",Desafio PRO Training Camp - Pedal em busca do KOM/QOM,false
"Nov 7, 2020, 12:36:34 PM",FUTURUM 4 SEASONS CHALLENGE,false
"Nov 7, 2020, 12:36:37 PM",ODLO Be Aware of What You Wear,true
"Nov 7, 2020, 12:36:39 PM",Thriva Bleed for Speed,true
"Nov 13, 2020, 12:25:32 PM",November Running Challenge,true
"Nov 14, 2020, 11:34:11 PM",The Rapha Black Friday Ride,false
"Nov 25, 2020, 6:47:06 AM",ROKA Hindsight 20/20 Challenge,true
"Nov 26, 2020, 1:49:53 AM","fizik ride now, shop later",true
"Nov 26, 2020, 1:50:40 AM",December Cycling Distance Challenge,false
"Nov 26, 2020, 1:50:44 AM",December 4x4 Challenge,false
"Nov 26, 2020, 1:50:55 AM",December Gran Fondo,false
"Nov 26, 2020, 1:50:56 AM",December Cycling Challenge,false
"Nov 26, 2020, 1:50:57 AM",December Cycling Endurance Challenge,false
"Nov 26, 2020, 1:50:59 AM",December Cycling Climbing Challenge,false
"Nov 26, 2020, 5:41:23 AM","Sweaty Betty 8 hour, 21 day challenge",true
"Dec 28, 2020, 6:05:50 PM",January Cycling Consistency Challenge,true
"Dec 28, 2020, 6:05:53 PM",January Cycling Climbing Challenge,false
"Dec 28, 2020, 6:05:54 PM",January Cycling Challenge,true
"Dec 28, 2020, 6:06:06 PM",January Cycling Distance Challenge,false
"Dec 28, 2020, 6:06:09 PM",January Fresh Start Challenge,true
"Dec 28, 2020, 6:06:14 PM",Move Past 2020 Challenge,true
"Dec 28, 2020, 6:06:18 PM",January Gran Fondo,true
"Dec 31, 2020, 4:43:17 AM",Rapha #Festive500,false
"Jan 3, 2021, 8:50:12 AM",Sweaty Betty New Year 90,true
"Jan 3, 2021, 8:50:30 AM",Lucozade Sport - Keep On Moving,true
"Jan 18, 2021, 2:14:02 PM",Le Col Project 21 Challenge,true
"Jan 22, 2021, 1:40:57 PM",FuturumShop Winter Challenge,true
"Jan 22, 2021, 1:40:59 PM",Conquer Quitter’s Day With Nuun Challenge,true
"Jan 25, 2021, 10:39:36 AM",We Run | BUFF® Challenge,false
"Jan 25, 2021, 10:39:39 AM",HOKA® Project Carbon X 2 100K Challenge,false
"Jan 26, 2021, 5:39:25 AM",February Cycling Distance Challenge,true
"Jan 26, 2021, 5:39:26 AM",February Cycling Challenge,true
"Jan 26, 2021, 5:39:27 AM",February Cycling Consistency Challenge,true
"Jan 26, 2021, 8:33:01 AM",February Gran Fondo,true
"Jan 27, 2021, 10:20:36 AM","Resolutions: Riding into 2021, by Velocio",true
"Jan 27, 2021, 10:20:37 AM",Welthungerhilfe ZeroHungerWinterChallenge,true
"Jan 27, 2021, 10:20:43 AM",February Cycling Climbing Challenge,true
"Feb 6, 2021, 3:19:32 PM",Le Col Project Active Challenge,true
"Feb 9, 2021, 7:02:22 AM",Red Bull ZERO WYMÓWEK!,true
"Feb 9, 2021, 7:02:24 AM",COMPRESSPORT® Wherever You Run,false
"Feb 9, 2021, 7:02:28 AM","FUTURUM 202,1 (MY)CHALLENGE",true
"Feb 23, 2021, 12:38:39 AM",March Running Distance Challenge,false
"Feb 23, 2021, 12:38:43 AM",Isadore's Pretty Muddy Things Challenge,true
"Feb 23, 2021, 12:38:47 AM",March Cycling Climbing Challenge,true
"Feb 23, 2021, 12:38:48 AM",March Cycling Consistency Challenge,true
"Feb 23, 2021, 12:38:51 AM",March Cycling Distance Challenge,true
"Feb 23, 2021, 12:38:58 AM",March Cycling Challenge,true
"Feb 23, 2021, 12:39:02 AM",March Gran Fondo,true
"Feb 23, 2021, 12:39:04 AM",March Saddle Up Challenge,true
"Mar 3, 2021, 3:14:29 PM",Crush It 4 Climate,true
"Mar 3, 2021, 3:14:34 PM",Red Bull Spring Forward,true
"Mar 3, 2021, 3:14:36 PM",National Trust - Spring into Action,true
"Mar 3, 2021, 3:14:42 PM","#CRUSHCOVID Challenge, by Elite & Toronto Hustle",true
"Mar 10, 2021, 11:02:01 PM",Le Col Project 200/200 Challenge,true
"Mar 14, 2021, 5:35:53 AM",Sprint Grangiro - RJ,false
"Mar 14, 2021, 5:35:54 AM",The SHIMANO Happy One Hundred,true
"Mar 14, 2021, 10:09:01 PM",FuturumShop Spring Classics Challenge,true
"Mar 17, 2021, 12:13:34 PM",#EndALZ 100-mile Training Challenge,true
"Mar 17, 2021, 12:13:55 PM",The Altra 15-15-15 Challenge,false
"Mar 17, 2021, 12:13:55 PM",The North Face FKT Challenge - Paris,false
"Mar 18, 2021, 10:46:50 AM",Team Alzheimer - Cycle against Alzheimer's,true
"Mar 20, 2021, 9:55:59 AM",PowerDot #BackToBetter Challenge,true
"Mar 20, 2021, 11:36:57 PM",Ride for tomorrow - British Red Cross,true
"Mar 21, 2021, 6:14:10 AM",The North Face FKT Challenge - Milano,false
"Mar 21, 2021, 6:14:35 AM",1% Better,false
"Mar 22, 2021, 11:17:56 AM",Castelli Flanders Challenge,true
"Mar 24, 2021, 1:55:53 PM",FOCUS Beat Your Screen Time Challenge,true
"Mar 25, 2021, 10:52:52 PM",Move in Merino by Woolmark: It’s time to reset,true
"Mar 25, 2021, 10:52:55 PM",April Cycling Challenge,true
"Mar 25, 2021, 10:52:57 PM",April Cycling Consistency Challenge,true
"Mar 25, 2021, 10:52:59 PM",April Gran Fondo,true
"Mar 25, 2021, 10:53:00 PM",April Cycling Distance Challenge,true
"Mar 25, 2021, 10:53:01 PM",April Cycling Climbing Challenge,true
"Mar 28, 2021, 9:39:33 PM",Sur Immunity Stay Active Challenge,true
"Mar 29, 2021, 3:58:50 PM",Stolen Goat - 400 Minutes Of Freedom,true
"Mar 29, 2021, 3:59:11 PM",Muc-Off presents: Ride Uninterrupted,true
"Apr 1, 2021, 11:51:34 PM",Smartwool Go Far. Feel Good. Challenge,true
"Apr 4, 2021, 1:36:30 PM",Cannondale: Choose to Challenge,true
"Apr 9, 2021, 10:01:06 AM",Team ŠKODA We Love Cycling 2021,true
"Apr 11, 2021, 11:50:54 AM",ROKA Monuments Challenge,true
"Apr 12, 2021, 12:49:46 AM",Le Col Level Up Challenge,true
"Apr 12, 2021, 9:57:21 AM",Full-Circle Challenge with Nuun Hydration,true
"Apr 13, 2021, 2:46:58 AM",Band of Climbers Spring Summits,true
"Apr 13, 2021, 2:47:17 AM",Be active and explore with 66°North,true
"Apr 19, 2021, 2:42:05 AM",Blood Cancer UK - My London to Paris,true
"Apr 24, 2021, 3:31:38 PM",SunGod Breakaway 200,true
"Apr 24, 2021, 3:31:41 PM",Let's Go Outside by Sweaty Betty,true
"Apr 24, 2021, 3:31:42 PM",ODLO Ultra Chill 50K,false
"Apr 26, 2021, 4:35:08 AM",May Cycling Challenge,true
"Apr 26, 2021, 4:35:32 AM",May Run Climbing Challenge,false
"Apr 26, 2021, 4:35:48 AM",May Cycling Consistency Challenge,true
"Apr 26, 2021, 4:35:51 AM",May Cycling Climbing Challenge,true
"Apr 26, 2021, 4:35:53 AM",May Cycling Distance Challenge,true
"Apr 26, 2021, 4:35:54 AM",May Gran Fondo,true
"Apr 26, 2021, 7:58:56 AM",Black Sheep EVERY DAY CHALLENGE,true
"Apr 26, 2021, 7:58:58 AM",Gaining Miles & Eating Flies by Isadore,true
"Apr 26, 2021, 4:37:45 PM",Strava Japan Club 4月のRIDEチャレンジ,true
"Apr 27, 2021, 12:28:36 PM",Amp Human’s Personal Best Challenge,true
"May 1, 2021, 9:07:09 AM",Gatorade 4x3 Challenge,true
"May 2, 2021, 9:31:50 AM",Strava Japan Club 5月のRIDEチャレンジ,true
"May 2, 2021, 9:31:50 AM",Basso x Jaguar Watt for Watt,true
"May 2, 2021, 9:31:53 AM",Tissot Series: Giro d'Italia Edition,true
"May 2, 2021, 9:32:08 AM",FuturumShop | Team Jumbo-Visma Challenge,true
"May 3, 2021, 12:42:52 PM",ISOSTAR - Life is your playground,true
"May 3, 2021, 10:27:26 PM",Impossible Route Death Valley 165 mile Gravel Challenge,true
"May 5, 2021, 1:44:08 PM",Move Utah Bike Month,true
"May 7, 2021, 10:06:37 PM",Red Bull Medaillenjagd: Fitness Guru,false
"May 7, 2021, 10:06:37 PM",Red Bull Medaillenjagd: Running Genius,false
"May 7, 2021, 10:06:41 PM",Red Bull Medaillenjagd: Bike pro,true
"May 7, 2021, 10:06:47 PM",Run with rebel,false
"May 8, 2021, 12:05:33 AM",Fuel Your Lifepoints with Picky Bars,true
"May 8, 2021, 10:14:17 PM",Oakley Challenge,true
"May 10, 2021, 1:23:07 PM",GIGIFIT Acceptance Challenge by GiGi's Playhouse,true
"May 10, 2021, 1:23:34 PM",REI Cycle State of Mind,true
"May 10, 2021, 1:23:37 PM",Arc’teryx Outer Peace Challenge,true
"May 10, 2021, 1:23:40 PM",Spring it on – with PowerBar,true
"May 10, 2021, 1:23:41 PM",The MAAP Blowout,true
"May 12, 2021, 3:54:38 PM",ROKA Salute 70,true
"May 14, 2021, 10:21:47 AM",Le Col Project Aero Challenge,true
"May 15, 2021, 1:33:39 AM",Honey Stinger Power of 3 Challenge,true
"May 15, 2021, 1:34:20 AM",Bustle x Athleta What Moves You Challenge,true
"May 15, 2021, 1:34:21 AM",Kudos Week - Zee.Dog Human,false
"May 15, 2021, 6:49:04 AM",Cookie 100,true
"May 16, 2021, 3:18:38 PM",TAMAGAWA FKT by Riverside Micro Race,false
"May 17, 2021, 12:39:20 PM",Momentous Committed to Consistency Challenge,true
"May 18, 2021, 2:51:17 PM",Sir Chris Hoy’s Break the Cycle challenge,true
"May 19, 2021, 1:17:01 AM",adidas x Parley Run For The Oceans,false
"May 20, 2021, 12:07:22 AM","BMW Pedalheads: 2 wheels, 2 weeks, 200km",true
"May 20, 2021, 5:56:28 AM",dhb Don't Hold Back 100,true
"May 20, 2021, 2:04:10 PM",Red Bull Springaton,false
"May 24, 2021, 6:33:44 PM",Backcountry 20:21 Adventure Challenge,true
"May 24, 2021, 6:33:46 PM","OTE Sports: Ride, Eat, Sleep, Repeat",true
"May 25, 2021, 5:02:49 AM",Le Col x Strava 8848 Climbing Challenge,true
"May 25, 2021, 5:02:51 AM",Chase the Sun | BUFF® CHALLENGE,false
"May 25, 2021, 9:10:27 AM",ROKA Summer Session Challenge,true
"May 25, 2021, 9:10:29 AM",Desafio Tênis Certo TC100,false
"May 25, 2021, 10:05:17 PM",June Cycling Distance Challenge,true
"May 25, 2021, 11:21:02 PM",June Gran Fondo,true
"May 25, 2021, 11:21:04 PM",June Cycling Challenge,true
"May 25, 2021, 11:21:04 PM",June Cycling Climbing Challenge,true
"May 25, 2021, 11:21:09 PM",St. Jude Race to Space,true
"May 26, 2021, 12:20:22 AM",June Cycling Consistency Challenge,true
"May 26, 2021, 12:20:36 AM",June Running Distance Challenge,false
"May 26, 2021, 1:26:05 AM",May Strength Training Challenge,false
"May 26, 2021, 1:26:06 AM",June Running Endurance Challenge,false
"May 26, 2021, 1:26:06 AM",June Run Climbing Challenge,false
"May 29, 2021, 3:42:58 AM",Strava Japan Club 6月のRUN+INDOORチャレンジ,false
"May 29, 2021, 3:43:01 AM",Dæhlie RUN/365 challenge,false
"May 29, 2021, 3:43:02 AM",Strava Japan Club 6月のRIDEチャレンジ,true
"Jun 2, 2021, 3:11:39 PM",GravelMan Auvergne - Pas des Alpins,false
"Jun 2, 2021, 3:11:43 PM",Feed Your Drive with Arla Protein,true
"Jun 3, 2021, 10:32:56 AM",AfterShokz Father’s Day Dash Challenge,false
"Jun 6, 2021, 11:07:13 PM",FUTURUM PROFORMANCE 140,true
"Jun 7, 2021, 1:03:21 AM",Ardennes-étape Heroes Challenge - 259.5 km,true
"Jun 8, 2021, 2:44:07 AM",Sur Ride Clean,true
"Jun 8, 2021, 11:23:07 AM",Relief Run for India,false
"Jun 10, 2021, 11:00:28 AM",New Balance DEEJAY TEN Keep Running!,false
"Jun 12, 2021, 6:17:06 AM",SKINS Pressure Streak Challenge,true
"Jun 12, 2021, 6:17:07 AM",Challenge Mille SNSM 2021,true
"Jun 13, 2021, 2:38:27 PM",Red Bull Buen Camino,false
"Jun 14, 2021, 11:03:52 PM",Pas Normal Studios Midsommer Challenge,true
"Jun 15, 2021, 10:25:17 AM",Picky Bars Summer Kick Off,true
"Jun 16, 2021, 4:30:15 AM",Ride for Justice,true
"Jun 18, 2021, 12:23:45 AM",Banana Boat Pedal For Our Planet,true
"Jun 18, 2021, 12:05:59 PM",ROKA Le Défi 100 Challenge,true
"Jun 19, 2021, 2:35:35 AM",Tissot Series: Tour de France Edition,true
"Jun 19, 2021, 2:35:36 AM",Le Col Tour Challenge,true
"Jun 20, 2021, 3:37:53 AM",La Passione's Worth The Effort Challenge,true
"Jun 20, 2021, 3:37:55 AM",Red Bull Timelaps Training Challenge,true
"Jun 20, 2021, 2:19:27 PM",lululemon Global Running Day Momentum Challenge,true
"Jun 21, 2021, 4:11:38 PM",The Maurice Lacroix - 10km Challenge,false
"Jun 24, 2021, 6:30:52 AM",July Cycling Distance Challenge,true
"Jun 24, 2021, 6:30:52 AM",July Gran Fondo,true
"Jun 24, 2021, 6:30:54 AM",July Cycling Challenge,true
"Jun 24, 2021, 8:02:57 AM",July Cycling Climbing Challenge,true
"Jun 25, 2021, 12:21:23 AM",July Cycling Consistency Challenge,true
"Jun 25, 2021, 12:21:24 AM",July 30-Hour Challenge,true
"Jun 25, 2021, 9:04:58 PM",L’Étape du Tour de France Connected,false
"Jun 28, 2021, 2:40:13 PM",Strava Japan Club 7月のRIDEチャレンジ,true
"Jun 29, 2021, 4:20:06 AM",OCHSNER SPORT x adidas ADIZERO Challenge,false
"Jul 2, 2021, 5:25:15 AM",HOKA x Soul Trak Hike Challenge,false
"Jul 2, 2021, 2:50:15 PM",L'etape de HIGH5,true
"Jul 2, 2021, 2:50:15 PM",Oakley MTB Challenge 2021,true
"Jul 3, 2021, 3:32:00 AM",#NedbankRunified 5km Challenge,false
"Jul 3, 2021, 3:32:01 AM",ZINAL FKT Challenge,false
"Jul 5, 2021, 12:21:06 AM",Wahoo MyRIVAL Challenge,true
"Jul 5, 2021, 4:24:38 AM",Le MAAP Blowout,true
"Jul 5, 2021, 11:04:46 AM",Gymshark Further Together Challenge,false
"Jul 5, 2021, 11:04:47 AM",Tour de Pact | 108.4 minutes,true
"Jul 8, 2021, 4:01:52 AM",Sancti Spiritu Zegama-Aizkorri,false
"Jul 8, 2021, 9:13:39 AM",HOKA ONE ONE®  Zinal Trail Challenge,false
"Jul 9, 2021, 5:14:18 AM",SunGod AIRAS™ 180,true
"Jul 9, 2021, 3:34:49 PM",FuturumShop | Sportzomer Challenge,true
"Jul 11, 2021, 11:32:54 AM",Mercedes-EQ Run,false
"Jul 11, 2021, 6:54:19 PM",Basso x Jaguar Watt for Watt 2.0,true
"Jul 12, 2021, 10:14:05 AM",‘Every Minute Counts’ CYBEX Sport,true
"Jul 16, 2021, 7:19:54 AM",On: The Main Sprint,false
"Jul 16, 2021, 7:30:47 AM",On: The Weiher Sprint,false
"Jul 17, 2021, 11:09:04 AM",On: The Park Sprint,false
"Jul 17, 2021, 11:09:05 AM",Laird Superfood Time Challenge,true
"Jul 17, 2021, 11:09:05 AM",HSBC UK Let's Ride Summer of Cycling,true
"Jul 18, 2021, 1:46:00 PM",Alzheimer's Society - Cycle for Dementia,true
"Jul 19, 2021, 9:27:40 AM",Le Col Rival Your Limits Challenge,true
"Jul 19, 2021, 9:27:41 AM",Red Bull Ponte Ready,true
"Jul 20, 2021, 4:45:00 PM",Bang & Olufsen 25km Running Challenge,false
"Jul 22, 2021, 7:27:13 AM",Saucony Grand Prix - Stage Two,false
"Jul 24, 2021, 10:11:36 AM",BREITLING x IRONMAN Challenge,true
"Jul 25, 2021, 9:20:33 AM",This Is Enough! by We Love Cycling,true
"Jul 27, 2021, 2:52:20 AM",August Cycling Consistency Challenge,true
"Jul 27, 2021, 2:52:24 AM",August Cycling Distance Challenge,true
"Jul 27, 2021, 2:52:24 AM",August Cycling Climbing Challenge,true
"Jul 27, 2021, 2:52:28 AM",August Cycling Challenge,true
"Jul 27, 2021, 2:52:29 AM",August Favorite Way 200K,true
"Jul 27, 2021, 2:52:31 AM",August Gran Fondo,true
"Jul 27, 2021, 2:52:36 AM",ROKA Faster Farther Stronger 400,true
"Jul 27, 2021, 2:52:39 AM",Red Bull 360 Challenge,true
"Jul 27, 2021, 8:39:08 PM",Alzheimer's Society - Walk for Dementia,false
"Jul 31, 2021, 5:33:54 AM",Strava Japan Club 8月のRUNチャレンジ,false
"Jul 31, 2021, 5:33:55 AM",Team Wiggle x HOKA ONE ONE® Tri 500,true
"Aug 1, 2021, 11:02:50 PM",#MLRC BMW Berlin-Marathon Challenge,false
"Aug 1, 2021, 11:02:51 PM",Hydrow Get Moving Challenge,true
"Aug 5, 2021, 5:13:22 AM",Let's Ride by Sweaty Betty,true
"Aug 7, 2021, 10:41:24 PM",Tissot Series: La Vuelta Edition,true
"Aug 7, 2021, 10:41:28 PM",The SiS Beta Fuel Endurance Challenge,true
"Aug 8, 2021, 6:04:36 AM",Bag Some Skratch,true
"Aug 8, 2021, 6:04:39 AM",Rei e Rainha da Montanha Grangiro,false
"Aug 8, 2021, 6:04:40 AM",Sweat with Picky Bar-osaurus,true
"Aug 11, 2021, 8:30:09 AM",#TheHumanRace,true
"Aug 15, 2021, 9:13:09 AM",Altra10,false
"Aug 19, 2021, 5:46:47 AM",L'Arveyron - UTMB® Mont-Blanc Strava Segments Series,false
"Aug 19, 2021, 5:46:47 AM",Cascade du Dard - UTMB® Mont-Blanc Strava Segments Series,false
"Aug 19, 2021, 5:47:07 AM",Cycle 300 for Cancer Research UK,true
"Aug 22, 2021, 3:04:32 PM",Therabody Double Down 8 Hour Challenge,true
"Aug 25, 2021, 6:36:25 AM",Rebecca's Private Idaho Remote Challenge,true
"Aug 25, 2021, 6:36:26 AM",Le Col Threshold 240,true
"Aug 26, 2021, 1:09:19 AM",St. Jude Movement Challenge,true
"Aug 26, 2021, 1:09:20 AM",Competitive Cyclist 10t 10hr Challenge,true
"Aug 26, 2021, 5:31:21 AM",Sweat With Your Sole 2021 Virtual Challenge,false
"Aug 26, 2021, 5:31:21 AM",Cannondale X MEC: 50th Anniversary Ride,true
"Aug 26, 2021, 2:42:58 PM",Charge Yourself by Isadore,true
"Aug 27, 2021, 7:54:45 AM",Strava Japan Club 9月のRIDEチャレンジ,true
"Aug 28, 2021, 9:18:19 AM",ISOSTAR challenges you to 250 minutes,true
"Aug 29, 2021, 5:28:32 AM",Michelob Ultra’s Run The Ribbon - Edmonton,false
"Aug 29, 2021, 5:28:35 AM",Montane Dragon's Back,false
"Aug 29, 2021, 10:24:15 PM",Michelob Ultra’s Run The Ribbon - Toronto,false
"Aug 31, 2021, 10:43:21 AM",September Gran Fondo,true
"Aug 31, 2021, 10:43:22 AM",September Cycling Consistency Challenge,true
"Aug 31, 2021, 10:43:22 AM",September Cycling Challenge,true
"Aug 31, 2021, 10:43:23 AM",September Running Distance Challenge,false
"Aug 31, 2021, 10:43:24 AM",ULTRA Beer Run,true
"Aug 31, 2021, 10:43:25 AM",September Cycling Climbing Challenge,true
"Aug 31, 2021, 10:43:27 AM",September 10k,false
"Sep 1, 2021, 11:51:29 AM",September Cycling Distance Challenge,true
"Sep 8, 2021, 3:49:45 AM",SPECIALIZED 3000m Cycling Climb Challenge,true
"Sep 8, 2021, 3:50:38 AM",SPECIALIZED 400km Cycling Ride Challenge,true
"Sep 8, 2021, 11:09:32 PM",Impossible Route Tetons 30K Elevation Challenge,false
"Sep 11, 2021, 11:05:41 AM",Rapha #Womens100,false
"Sep 13, 2021, 10:21:34 AM",NEW BALANCE – 42K KICK-OFF,false
"Sep 13, 2021, 10:21:35 AM",The VeloVixen Full 360,true
"Sep 14, 2021, 12:39:06 PM",Samsung UK Galaxy Watch4 Challenge,true
"Sep 14, 2021, 12:39:06 PM",First Month Streak Challenge,true
"Sep 14, 2021, 12:39:07 PM",Rei e Rainha da Montanha L'Étape Brasil,false
"Sep 14, 2021, 5:35:15 PM",#NedbankRunified 8km Challenge,false
"Sep 14, 2021, 5:35:16 PM",Stand #TogetherForGlaciers with Mammut,true
"Sep 18, 2021, 1:55:11 AM",Strava Summit Series: Scafell Pike,true
"Sep 18, 2021, 1:55:11 AM","Desafio Bici Todo Dia, por Tembici",false
"Sep 18, 2021, 10:36:40 PM",British Gravel Championships Sprint Segment Challenge,false
"Sep 22, 2021, 6:32:24 AM",Stronger Through Sport Challenge,true
"Sep 24, 2021, 7:11:28 AM",October Cycling Climbing Challenge,true
"Sep 24, 2021, 7:11:31 AM",October Cycling Consistency Challenge,true
"Sep 24, 2021, 7:11:32 AM",October Cycling Distance Challenge,true
"Sep 24, 2021, 7:11:33 AM",October Cycling Challenge,true
"Sep 24, 2021, 7:11:33 AM",October Gran Fondo,true
"Sep 24, 2021, 7:11:49 AM",Gatorade 3x4 Challenge,false
"Sep 24, 2021, 7:11:49 AM",Wiggle X Woolmark Autumn Warm-Up 300,true
"Sep 24, 2021, 7:11:50 AM",dhb Beat The Chill,true
"Sep 24, 2021, 7:11:51 AM",HOKA All Racers Challenge,false
"Sep 24, 2021, 7:11:58 AM",October Run Climbing Challenge,false
"Sep 25, 2021, 12:41:25 AM",Red Bull Hill Seekers,false
"Sep 25, 2021, 9:28:49 AM",Continental Raising Heartbeats Challenge,true
"Sep 25, 2021, 9:28:50 AM",Chris Froome x Best Buddies Challenge,true
"Sep 25, 2021, 9:29:34 AM",ROKA x The Pink Fund Challenge,true
"Sep 25, 2021, 1:05:38 PM",HOKA All Racers Challenge - Lyon,false
"Sep 25, 2021, 1:05:39 PM",PowerBar – Together for Change,false
"Sep 25, 2021, 1:05:40 PM",Runners Need & Brooks Run For You,false
"Sep 25, 2021, 8:15:30 PM",Hydro Flask Let's Go! Challenge,true
"Sep 25, 2021, 8:15:59 PM",Strava Summit Series: Snowdon,true
"Sep 27, 2021, 2:51:48 AM",Le Col Chase The Sun,true
"Sep 27, 2021, 5:24:20 AM","Camper: Walk, Don't Run",false
"Sep 27, 2021, 5:24:21 AM",Broken Arrow Skyrace: Stairway to Heaven,false
"Sep 27, 2021, 2:12:54 PM",Go Get Lost by Black Sheep,false
"Sep 28, 2021, 10:05:16 AM",Gatorade Powder Walmart 5K Challenge,false
"Sep 28, 2021, 12:46:36 PM",Strava Japan Club 10月のRUNチャレンジ,false
"Sep 28, 2021, 12:46:37 PM",The Athlete in You Challenge,true
"Sep 30, 2021, 12:48:00 PM",Strava Japan Club 10月のRIDEチャレンジ,true
"Oct 1, 2021, 2:04:52 AM",Strava Summit Series: Ben Nevis,true
"Oct 1, 2021, 9:54:53 AM",Dream Bike Challenge by The Pro’s Closet,true
"Oct 2, 2021, 6:59:05 AM",Mercedes-Benz  8th GIVE `N RACE VIRTUAL RUN,false
"Oct 3, 2021, 2:08:44 PM",Competitive Cyclist Lucky 13 Challenge,true
"Oct 4, 2021, 1:19:19 PM",Livestrong Challenge,true
"Oct 6, 2021, 11:17:13 AM",AfterShokz Persist 100,true
"Oct 10, 2021, 3:54:54 AM",Move Utah Walk Challenge,false
"Oct 10, 2021, 3:54:55 AM",The ODLO Athlete to Athlete Challenge,true
"Oct 11, 2021, 11:42:07 AM",The Brooks Game Changer - Munich,false
"Oct 11, 2021, 11:42:08 AM",#NedbankRunified 10 km challenge,false
"Oct 16, 2021, 12:21:22 PM","ISOSTAR ""300 minutes"" Challenge",true
"Oct 18, 2021, 4:00:09 AM",Stolen Goat - Adventures with Art,true
"Oct 19, 2021, 12:59:21 PM",PREPD'S Boundless Hydration Challenge,true
"Oct 26, 2021, 4:07:17 AM",November Cycling Consistency Challenge,true
"Oct 26, 2021, 4:07:18 AM",November Gran Fondo,true
"Oct 26, 2021, 4:07:19 AM",November Cycling Challenge,true
"Oct 26, 2021, 4:07:21 AM",C34.0 – Stand up against Lung Cancer,true
"Oct 26, 2021, 4:07:22 AM",November 5k,false
"Oct 26, 2021, 4:07:25 AM",November 10k,false
"Oct 26, 2021, 4:07:26 AM",ProBikeKit presents 150 #MilesForMo,true
"Oct 26, 2021, 4:07:26 AM",November Cycling Climbing Challenge,true
"Oct 26, 2021, 4:07:27 AM",November Cycling Distance Challenge,true
"Oct 26, 2021, 9:28:08 AM",The MAAP Clean Livin’ Challenge,true
"Oct 26, 2021, 9:28:13 AM",November Running Endurance Challenge,false
"Oct 26, 2021, 9:28:16 AM",November Running Distance Challenge,false
"Oct 27, 2021, 12:13:00 PM",November Run Climbing Challenge,false
"Oct 28, 2021, 11:47:44 AM",TCS We Believe We Can Do More,false
"Oct 28, 2021, 11:47:45 AM",The ROKA 25th Hour Challenge,true
"Oct 28, 2021, 11:47:59 AM",November 30-Hour Challenge,true
"Oct 28, 2021, 11:50:13 AM",RYZON Chase The Horizon,true
"Oct 28, 2021, 11:50:14 AM",Be active this winter with 66°North,true
"Oct 28, 2021, 11:50:15 AM",MAKE YOUR MOVE FOR MOVEMBER,false
"Oct 29, 2021, 4:02:39 AM",Le Col 250 Tempo,true
"Oct 29, 2021, 1:49:32 PM",Strava Japan Club 11月のRIDEチャレンジ,true
"Oct 29, 2021, 8:24:42 PM",Strava Japan Club 11月のRUNチャレンジ,false
"Oct 30, 2021, 3:43:32 AM",Shift Indoors with Wahoo SYSTM,true
"Oct 30, 2021, 3:43:45 AM",AfterShokz Fit For Fall Challenge,false
"Nov 7, 2021, 12:42:00 PM",FUTURUM 4 Seasons Challenge,true
"Nov 9, 2021, 1:52:19 PM",NB Virtual Urban Mile,false
"Nov 9, 2021, 1:52:29 PM",AfterShokz Limited 99,true
"Nov 13, 2021, 7:51:27 AM",The Rapha Black Friday Ride,false
"Nov 20, 2021, 4:09:42 AM",Hydrow UK Get Moving Challenge,true
"Nov 20, 2021, 4:09:43 AM",FuturumShop | Hotel Heppie Challenge,true
"Nov 20, 2021, 10:19:43 AM",Breitling Century Challenge,true
"Nov 20, 2021, 8:13:55 PM","fizik Ride Now, Shop Later",true
"Nov 24, 2021, 1:19:02 PM",Le Col Tick Off 2021,true
"Nov 24, 2021, 1:19:02 PM",The ROKA Winter Warrior Challenge,true
"Nov 24, 2021, 1:19:03 PM",24k's in 24 Days by Brooks UK,false
"Nov 24, 2021, 1:19:04 PM",Laird Superfood Holiday Time Challenge,true
"Nov 24, 2021, 1:19:05 PM",December Walking Challenge,false
"Nov 24, 2021, 1:19:09 PM",December Gran Fondo,true
"Nov 24, 2021, 1:19:09 PM",December Cycling Consistency Challenge,true
"Nov 24, 2021, 1:19:12 PM",December Cycling Distance Challenge,true
"Nov 24, 2021, 1:19:12 PM",December Cycling Climbing Challenge,true
"Nov 24, 2021, 1:19:12 PM",December Cycling Challenge,true
"Nov 26, 2021, 12:26:15 AM",Brooks Run Merry Challenge,false
"Nov 27, 2021, 8:28:23 AM",Strava Japan Club 12月のRUNチャレンジ,false
"Nov 27, 2021, 8:28:23 AM",Strava Japan Club 12月のRIDEチャレンジ,true
"Dec 1, 2021, 8:03:51 AM",December Running Challenge,false
"Dec 1, 2021, 8:03:52 AM",December Running Endurance Challenge,false
"Dec 1, 2021, 10:30:23 PM",Stages Cycling Base Builder Challenge,true
"Dec 4, 2021, 10:22:42 AM",Rapha Festive 500,false
"Dec 17, 2021, 4:11:40 AM",dhb 12 Days of Christmas,true
"Dec 23, 2021, 7:16:18 AM",British Triathlon & Volvo Recharge,false
"Dec 24, 2021, 10:18:42 AM",GORE® WEAR What's Your Motive?,true
"Dec 24, 2021, 10:18:43 AM",Joy of Winter Challenge,false
"Dec 24, 2021, 10:18:44 AM",Red Bull Nytårsforsættet,false
"Dec 24, 2021, 10:18:48 AM",Pas Normal Studios Winter Resolution 2022,false
"Dec 24, 2021, 10:18:48 AM",ROUVY Get Back in Shape Challenge,true
"Dec 24, 2021, 10:33:57 PM",ROKA RISE UP 300 Challenge,true
"Dec 25, 2021, 12:24:25 PM",Laird Superfood New Year Time Challenge,false
"Dec 27, 2021, 7:11:38 AM",January Fresh Start Challenge,false
"Dec 27, 2021, 7:11:39 AM",January Gran Fondo,false
"Dec 27, 2021, 7:11:40 AM",January Cycling Distance Challenge,false
"Dec 27, 2021, 7:11:41 AM",January Cycling Climbing Challenge,false
"Dec 27, 2021, 7:11:43 AM",January Cycling Consistency Challenge,false
"Dec 27, 2021, 7:11:44 AM",January Cycling Challenge,false
"Dec 27, 2021, 7:11:45 AM",January Running Distance Challenge,false
"Dec 27, 2021, 7:11:47 AM",January Run Climbing Challenge,false
"Dec 27, 2021, 7:11:49 AM",January Running Endurance Challenge,false
"Dec 27, 2021, 7:11:49 AM",January Running Challenge,false
"Dec 27, 2021, 12:39:30 PM",Red Bull Snow Challenge,false
"Dec 28, 2021, 2:51:14 AM",Le Col Project 22 Challenge,true
"Dec 31, 2021, 12:44:34 PM",FuturumShop Ride into 2022 Challenge,false
"Dec 31, 2021, 12:44:34 PM",Endura 99-in-9,false
"Jan 11, 2022, 5:34:35 AM",Together We Move by Sweaty Betty,false
"Jan 11, 2022, 5:34:37 AM",Laird Superfood 2022 January Streak Challenge,false
"Jan 11, 2022, 5:34:37 AM",New Balance - Every runner has a reason,false
"Feb 3, 2022, 7:03:34 AM",ROKA FROZEN 400,true
"Feb 3, 2022, 7:05:38 AM",Red Bull Largada Fugida,true
"Feb 3, 2022, 7:06:13 AM",Hapbee Choose Your Challenge,true
"Feb 26, 2022, 2:19:29 AM",March Gran Fondo,true
"Feb 26, 2022, 2:19:31 AM",March Cycling Challenge,true
"Feb 26, 2022, 2:19:40 AM",March Favorite Way 200K,true
"Feb 26, 2022, 2:19:41 AM",March Cycling Distance Challenge,false
"Feb 26, 2022, 2:20:04 AM",National Trust - Spring into action 2022,true
"Feb 26, 2022, 2:20:15 AM",March Strength Training Challenge,false
"Feb 26, 2022, 2:20:15 AM",March Walking Distance Challenge,false
"Feb 27, 2022, 12:44:57 PM",Shokz OpenRun Pro,true
"Feb 27, 2022, 12:44:57 PM",ROKA NEW DAWN 200,true
"Feb 27, 2022, 12:44:58 PM",March Run Climbing Challenge,false
"Feb 27, 2022, 12:44:59 PM",Red Bull Nordenskiöldsloppet 220 km,false
"Mar 2, 2022, 3:17:53 AM",Wiggle Own Your Energy,true
"Mar 23, 2022, 9:39:41 AM",Ukraine Relief Challenge,true
"Mar 28, 2022, 5:35:57 AM",April Saddle Up Challenge,true
"Mar 28, 2022, 5:36:05 AM",Santa Fe Margarita Trail Challenge,true
"Mar 28, 2022, 5:36:06 AM",Chain Reaction Days of Dirt,true
"Mar 28, 2022, 5:36:07 AM",BIKE24 - Less Compromise Challenge,true
"Mar 28, 2022, 5:36:10 AM",Altra Spring Speed Challenge,false
"Mar 28, 2022, 5:36:15 AM",April Cycling Climbing Challenge,true
"Mar 28, 2022, 5:36:18 AM",April Cycling Distance Challenge,true
"Mar 28, 2022, 5:36:19 AM",April Gran Fondo,true
"Mar 28, 2022, 5:36:19 AM",April Cycling Challenge,true
"Apr 2, 2022, 8:10:52 AM",Le Col Classics Challenge,true
"Apr 2, 2022, 9:48:35 PM",dhb Let's Move,true
"Apr 5, 2022, 1:23:16 PM",PUMA Forevah Fastah Challenge,false
"Apr 5, 2022, 1:23:17 PM",The Brooks Earth Week Challenge,false
"Apr 5, 2022, 1:23:22 PM",PUMA Big Cat Energy Challenge,true
"Apr 5, 2022, 1:23:23 PM",Better together - with Powerbar,true
"Apr 8, 2022, 11:52:20 PM",ROKA TUNE UP 200 Challenge,true
"Apr 9, 2022, 2:28:43 PM",Fuel up with Pact Coffee | 100 minutes,true
"Apr 9, 2022, 2:28:43 PM",Challenge ŠKODA WLC 2022,true
"Apr 9, 2022, 2:28:44 PM",Surfers Against Sewage: Million Mile May,true
"Apr 9, 2022, 2:28:45 PM",The MAAP Transcend Limits Challenge,true
"Apr 9, 2022, 2:29:04 PM",April Cycling Consistency Challenge,true
"Apr 10, 2022, 4:01:23 AM",INOV-8 'ESCAPE THE GREY',false
"Apr 10, 2022, 4:01:24 AM",HOKA – Let's Fly Rotterdam,false
"Apr 20, 2022, 11:39:14 AM",ROKA N+1 Challenge,true
"Apr 24, 2022, 3:22:52 AM",Red Bull Keep Up Challenge,false
"Apr 24, 2022, 3:22:56 AM",Red Bull Springaton,false
"Apr 24, 2022, 3:22:57 AM","Walk, Don't Run by Camper",false
"Apr 25, 2022, 6:51:13 AM",May Cycling Climbing Challenge,true
"Apr 25, 2022, 6:51:13 AM",May Cycling Distance Challenge,true
"Apr 25, 2022, 6:51:14 AM",May Cycling Challenge,true
"Apr 25, 2022, 6:51:15 AM",May Gran Fondo,true
"Apr 25, 2022, 6:51:15 AM",May Cycling Consistency Challenge,true
"Apr 25, 2022, 11:57:42 AM",May Run Climbing Challenge,false
"Apr 26, 2022, 6:26:52 AM",Stolen Goat - 10th Anniversary Challenge,true
"Apr 26, 2022, 6:26:54 AM",May Allez: The 10-Hour Challenge,true
"Apr 26, 2022, 6:26:56 AM",May Half Marathon,false
"Apr 26, 2022, 6:26:57 AM",May Running Distance Challenge,false
"Apr 26, 2022, 6:26:57 AM",May 5k,false
"Apr 26, 2022, 6:26:58 AM",May 10k,false
"Apr 26, 2022, 6:26:58 AM",May Running Challenge,false
"Apr 26, 2022, 6:26:59 AM",May Walking Distance Challenge,false
"Apr 26, 2022, 6:27:01 AM",May Collective Challenge,false
"Apr 27, 2022, 3:54:24 AM",Move Utah Bike Month,true
"Apr 28, 2022, 10:43:13 AM",Strava Japan Club 5月3週目のRIDEチャレンジ,true
"Apr 28, 2022, 10:43:13 AM",Strava Japan Club 5月2週目のRIDEチャレンジ,true
"Apr 28, 2022, 10:43:14 AM",Strava Japan Club 5月のRUNチャレンジ,false
"Apr 28, 2022, 10:43:17 AM",Strava Japan Club 5月4週目のRIDEチャレンジ,true
"Apr 28, 2022, 10:43:18 AM",Strava Japan Club 5月1週目のRIDEチャレンジ,true
"Apr 29, 2022, 1:43:17 PM",Mercedes-EQ Run – #2 BERLIN,false
"Apr 30, 2022, 11:36:32 AM",Sprint Grangiro MTB 2022,false
"Apr 30, 2022, 11:36:33 AM",Zalando x Brooks: Run in den Mai,false
"May 1, 2022, 12:16:11 AM",The Le Col Giro Challenge,true
"May 1, 2022, 6:34:30 AM",Gaining Miles & Eating Flies with Isadore x Factor,true
"May 1, 2022, 6:34:31 AM",SunGod. Find Your Free.,true
"May 1, 2022, 1:51:52 PM",Three Peaks Chargel Challenge,true
"May 1, 2022, 1:53:12 PM",Get Set…! by Wiggle,true
"May 2, 2022, 5:59:47 AM",Runners Need 40th Celebration,false
"May 2, 2022, 9:46:29 AM",Picky Bars MAY The Sports Be With You,true
"May 4, 2022, 1:54:47 AM",ROKA SALUTE 70,true
"May 4, 2022, 1:54:47 AM",Rule of Three,true
"May 5, 2022, 3:07:30 AM",Running Up For Air With Patagonia,false
"May 5, 2022, 5:35:00 AM",Smartwool Ultra Run Challenge,false
"May 6, 2022, 3:30:44 AM",Band of Climbers It's Only a Hill,true
"May 6, 2022, 11:34:48 PM",FUTURUM Duurzaam Door 4h by FuturumShop,true
"May 12, 2022, 4:28:54 AM",Phil's Cookie 100,true
"May 12, 2022, 4:29:11 AM",Mountain Hardwear Nature is Nurture Challenge,true
"May 12, 2022, 4:29:13 AM",The Impossible Route; Far West Texas,true
"May 15, 2022, 10:26:42 AM",The MAAP Transcend Vert Challenge,true
"May 17, 2022, 2:04:19 PM",Salomon Push Your Pace!,true
"May 17, 2022, 2:04:23 PM",Pedal to Empower with World Bicycle Relief,true
"May 17, 2022, 2:04:23 PM",adidas x Parley Run For The Oceans,false
"May 17, 2022, 11:35:25 PM",L’Étape du Tour Connected 2022 by Trek,true
"May 17, 2022, 11:35:26 PM",Cancer Research UK Cycle 300,true
"May 18, 2022, 8:51:23 AM",British Red Cross Miles for Refugees,true
"May 23, 2022, 9:41:35 PM",Café du Cycliste Caravan Challenge,true
"May 23, 2022, 9:41:36 PM",Gatorlyte 6-Hour Sweat (A Lot) Challenge,true
"May 24, 2022, 8:12:24 AM",Brooks Global Running Day Challenge,false
"May 24, 2022, 8:12:24 AM",Oakley Re:SubZero Challenge,false
"May 24, 2022, 8:12:38 AM",Coll de la Mussara - Mussara Reus 2022,false
"May 25, 2022, 2:52:34 AM",St. Jude 500 Challenge,true
"May 25, 2022, 2:52:48 AM",The Le Col x Strava 8848 Challenge,false
"May 25, 2022, 10:02:20 AM",Run on clouds Brasil,false
"May 25, 2022, 10:02:22 AM",Strava Japan Club 6月のRIDEチャレンジ,true
"May 25, 2022, 5:31:47 PM",Get Sponsored By The Feed,true
"May 25, 2022, 5:31:49 PM",Strava Japan Club 6月のRUNチャレンジ,false
"May 26, 2022, 6:35:45 AM",ROKA Sun Sweat Sleep 300,true
"May 26, 2022, 6:35:47 AM",HUUB Platinum Jubilee Challenge,true
"May 26, 2022, 3:25:58 PM",La Passione - L’ultima Corsa,true
"May 26, 2022, 11:05:24 PM",June Cycling Climbing Challenge,false
"May 26, 2022, 11:05:30 PM",June Sweat With Pride Challenge,true
"May 26, 2022, 11:05:31 PM",June Cycling Challenge,true
"May 26, 2022, 11:05:32 PM",June Gran Fondo,true
"May 26, 2022, 11:05:35 PM",Mama Por - Mussara Reus 2022,false
"May 26, 2022, 11:05:36 PM",June 10k,false
"May 26, 2022, 11:05:37 PM",June 5K,false
"May 26, 2022, 11:05:38 PM",June Hike Challenge,false
"May 26, 2022, 11:05:39 PM",June Cycling Consistency Challenge,true
"May 26, 2022, 11:05:41 PM",June Cycling Distance Challenge,false
"May 26, 2022, 11:05:43 PM",June Walking Distance Challenge,false
"May 27, 2022, 5:16:42 PM",The World Sanctuary Run 2022,false
"May 27, 2022, 5:16:42 PM",Become More With Mous,true
"May 27, 2022, 5:16:49 PM",The Le Col Keep The Pace Challenge,true
"May 27, 2022, 5:16:55 PM",June Run Climbing Challenge,false
"May 27, 2022, 5:16:55 PM",June Running Challenge,false
"May 27, 2022, 5:16:58 PM",June Running Distance Challenge,false
"May 27, 2022, 5:16:58 PM",June Running Endurance Challenge,false
"May 27, 2022, 5:17:05 PM",Cannondale: Nothing is Impassable,true
"May 27, 2022, 5:17:08 PM",Allbirds Carbon Footprint Challenge,false
"May 27, 2022, 5:17:09 PM",Dæhlie RUN/365 challenge,false
"May 27, 2022, 5:17:10 PM",The InsideTracker Challenge with Mirna,true
"May 27, 2022, 5:17:11 PM",Seize The Day by Wiggle,true
"May 27, 2022, 5:17:12 PM",June Half Marathon,false
"May 28, 2022, 4:41:29 PM",Tissot Series: Giro d'Italia Edition 2022,true
"May 28, 2022, 4:41:34 PM",Mercedes-Benz  9th GIVE `N RACE VIRTUAL RUN,false
"May 29, 2022, 1:38:22 AM",Endura 99-in-9,true
"May 29, 2022, 1:43:34 AM",Swim 4 the Seas with arena,false
"May 30, 2022, 2:36:15 AM",FOCUS Beat Your Screen Time Challenge,true
"May 31, 2022, 7:16:57 AM",RunWESTIN™ Challenge,true
"Jun 2, 2022, 1:41:00 PM",Patagonia Run to Save Jeju Challenge,false
"Jun 2, 2022, 1:41:02 PM",Champs Run Club 'Run With Us' Challenge,false
"Jun 2, 2022, 1:41:07 PM",Red Bull Medaillenjagd: Bike pro,true
"Jun 2, 2022, 1:41:09 PM",Red Bull Medaillenjagd: Fitnessguru,false
"Jun 2, 2022, 1:41:10 PM",Red Bull Medaillenjagd: Running genius,false
"Jun 2, 2022, 1:41:35 PM",Rei e Rainha da Montanha - L’Étape Rio by Tour de France presented by Santander,false
"Jun 2, 2022, 1:41:38 PM",GOREWEAR CHASING SUNSETS CHALLENGE,true
"Jun 6, 2022, 3:48:10 AM",Mt.Fuji HC 2000 Challenge,false
"Jun 6, 2022, 3:29:32 PM",Gatorlyte 10-Hour Insanity Challenge,true
"Jun 6, 2022, 11:00:59 PM",The GiGiFIT Acceptance Challenge 5K Run,true
"Jun 6, 2022, 11:01:01 PM",Make Your Comeback Challenge,true
"Jun 7, 2022, 7:36:18 AM",Shokz 101 Challenge,true
"Jun 7, 2022, 10:16:10 AM",Samsung Canada Galaxy Watch4,true
"Jun 9, 2022, 11:39:48 AM",The imaginPlanet Tour: 1 ride = 1 tree,true
"Jun 10, 2022, 3:49:39 PM",Tour of Cambridgeshire Kudos KM,false
"Jun 12, 2022, 1:18:26 AM",Pas Normal Studios Midsummer Challenge,false
"Jun 13, 2022, 7:09:21 AM",Nuun Summer Crush 300,true
"Jun 14, 2022, 2:37:26 AM",Red Bull 24h Chrono Challenge,true
"Jun 15, 2022, 11:03:25 PM",Runners Need x HOKA Joy Run,false
"Jun 16, 2022, 1:36:52 PM",Rio Ter - Mussara Hunting Dogs 2022,false
"Jun 16, 2022, 1:36:56 PM",Cap de Creus - Mussara Hunting Dogs 2022,false
"Jun 17, 2022, 10:45:28 AM",SunGod MOMENTUM Creates Change.,true
"Jun 17, 2022, 11:38:16 AM",ROKA Le Défi 100,true
"Jun 18, 2022, 10:44:56 PM",Fulcrum Wheels Peak Conquering,true
"Jun 18, 2022, 10:44:56 PM",The Tour 21 Challenge For Cure Leukaemia,true
"Jun 20, 2022, 7:01:55 AM",SHIFT UP with SHIMANO - Stage 1,true
"Jun 21, 2022, 4:57:46 PM",Polka Dot Jersey Challenge,false
"Jun 21, 2022, 4:57:46 PM",Yellow Jersey Challenge,false
"Jun 21, 2022, 4:57:47 PM",The Race to Longwy,false
"Jun 21, 2022, 4:57:48 PM",Green Jersey Challenge,true
"Jun 21, 2022, 11:10:49 PM",Discover Chamonix with On - Crèmeries,false
"Jun 21, 2022, 11:10:49 PM",Discover Chamonix with On - La Floria,false
"Jun 21, 2022, 11:10:50 PM",Discover Chamonix with On - Petit Balcon Sud,false
"Jun 24, 2022, 6:13:13 AM",Le Col Tour Challenge,true
"Jun 24, 2022, 6:13:17 AM",dhb Unite & Conquer,true
"Jun 24, 2022, 6:13:18 AM",La Grande BIKE24 Challenge,false
"Jun 24, 2022, 6:13:19 AM",Trek Century Challenge,true
"Jun 24, 2022, 6:13:22 AM",Utrecht is niet ver | FuturumShop,true
"Jun 24, 2022, 6:13:22 AM",Stage 12 – Alpe d'Huez,true
"Jun 25, 2022, 8:33:35 AM",July Cycling Distance Challenge,false
"Jun 25, 2022, 8:33:36 AM",July Cycling Consistency Challenge,false
"Jun 25, 2022, 8:33:37 AM",July Cycling Challenge,true
"Jun 25, 2022, 8:33:38 AM",July Cycling Climbing Challenge,false
"Jun 25, 2022, 2:51:06 PM",July Gran Fondo,false
"Jun 26, 2022, 7:13:20 AM",July E-Biking Challenge,false
"Jun 26, 2022, 7:13:22 AM",July Run Climbing Challenge,false
"Jun 26, 2022, 7:13:24 AM",Stage 20 – Time Trial,true
"Jun 26, 2022, 7:13:24 AM",July Half Marathon,false
"Jun 27, 2022, 2:56:31 AM",July Running Distance Challenge,false
"Jun 30, 2022, 3:14:07 PM",Strava Japan Club 7月のRUNチャレンジ,false
"Jun 30, 2022, 3:14:12 PM",Strava Japan Club 7月のRIDEチャレンジ,true
"Jun 30, 2022, 3:14:13 PM",Alpe d'Huez - Étape du Tour de France 2022,false
"Jul 1, 2022, 2:02:07 AM",La Paradilla - L'Étape Madrid 2022,false
"Jul 1, 2022, 2:02:11 AM",Tissot Series: Tour de France Edition 2022,true
"Jul 1, 2022, 2:02:15 AM",Maurten — Get Used To It Challenge,true
"Jul 2, 2022, 4:50:02 AM",Desafio Sertões MTB Ibitipoca - Etapa 3,false
"Jul 2, 2022, 4:50:02 AM",Desafio Sertões MTB Ibitipoca - Etapa 2,false
"Jul 2, 2022, 4:50:05 AM",Stage 8 – La super Planche des Belles Filles,false
"Jul 2, 2022, 4:50:06 AM",Stage 1 – Paris Challenge,false
"Jul 2, 2022, 4:50:07 AM",Desafio Sertões MTB Ibitipoca - Etapa 1,false
"Jul 2, 2022, 6:17:26 AM",Love Trails Festival Kudos KM,false
"Jul 2, 2022, 2:53:02 PM",July Walking Distance Challenge,false
"Jul 3, 2022, 8:13:39 AM",Mercedes-EQ Run – #3 RUN & RECHARGE,true
"Jul 4, 2022, 12:49:08 AM",The MAAP Transcend Everyday Challenge,true
"Jul 17, 2022, 11:01:16 AM",Alzheimer's Society - Cycle for Dementia 2022,true
"Jul 18, 2022, 7:27:33 PM",Tour Mindset,false
"Jul 18, 2022, 7:27:34 PM",Allez! Allez! Challenge,false
"Jul 18, 2022, 7:27:47 PM",Nuun For the Love of Sport Challenge,true
"Jul 18, 2022, 7:28:51 PM",Mercedes-EQ Run – #4 LONDON,true
"Aug 1, 2022, 1:09:30 PM",Le Col Keep The Momentum Challenge,true
"Aug 1, 2022, 1:09:37 PM",August Gran Fondo,true
"Aug 1, 2022, 1:09:57 PM",360 Sale by Skratch Labs,true
"Aug 2, 2022, 7:21:05 AM",August Cycling Climbing Challenge,true
"Aug 2, 2022, 7:21:06 AM",August Cycling Consistency Challenge,true
"Aug 2, 2022, 7:21:06 AM",August Cycling Distance Challenge,true
"Aug 2, 2022, 7:21:07 AM",August Run Climbing Challenge,false
"Aug 2, 2022, 7:21:10 AM",Rapha Women's 100,false
"Aug 3, 2022, 3:02:13 AM",August Cycling Challenge,true
"Aug 3, 2022, 3:02:33 AM",HOKA Fly Fearless - Chamonix Trail,false
"Aug 7, 2022, 12:43:53 PM",Mercedes-EQ Run – #5 SEOUL,false
"Aug 8, 2022, 12:40:48 AM",Momentous Back At It Challenge,true
"Aug 8, 2022, 12:40:53 AM",Be your own champion  - with Powerbar,true
"Aug 8, 2022, 9:56:24 PM",Black Trail Runners 3.1 Challenge,false
"Aug 8, 2022, 9:56:27 PM",Michelob Ultra 2K Challenge,false
"Aug 8, 2022, 9:56:28 PM",Keep Up With COROS Challenge,false
"Aug 19, 2022, 3:44:03 AM",Tissot Series: La Vuelta Edition 2022,true
"Aug 19, 2022, 3:44:03 AM",Black Sheep TOUR OF THE FUTURE,true
"Aug 19, 2022, 3:45:12 AM",ASSOS SPEED CLUB ’76 CHALLENGE,true
"Aug 24, 2022, 5:10:18 PM",Strava Japan Club 9月のRUNチャレンジ,false
"Aug 24, 2022, 5:10:18 PM",Strava Japan Club 9月のRIDEチャレンジ,true
"Aug 25, 2022, 9:49:01 AM",September Run Climbing Challenge,false
"Aug 25, 2022, 9:49:02 AM",September Cycling Distance Challenge,true
"Aug 25, 2022, 9:49:04 AM",September Cycling Challenge,true
"Aug 25, 2022, 9:49:06 AM",September Cycling Climbing Challenge,true
"Aug 25, 2022, 9:49:06 AM",September 5K,false
"Aug 25, 2022, 9:49:08 AM",September 10k,false
"Aug 25, 2022, 9:49:11 AM",500km: Chasing the Equinox by Velocio,true
"Aug 25, 2022, 9:49:13 AM",August 10k,false
"Aug 25, 2022, 9:49:13 AM",August 5K,false
"Aug 25, 2022, 9:49:15 AM",September Cycling Consistency Challenge,true
"Aug 26, 2022, 3:21:54 AM",26.2 for St. Jude,false
"Aug 26, 2022, 3:21:54 AM",September Running Endurance Challenge,false
"Aug 26, 2022, 3:21:58 AM",September Running Challenge,false
"Aug 26, 2022, 3:50:54 AM",Le Col Threshold 240 Challenge,true
"Aug 26, 2022, 3:50:55 AM",September Running Distance Challenge,false
"Aug 26, 2022, 3:50:56 AM",September Half Marathon,false
"Aug 27, 2022, 12:53:14 PM",September Gran Fondo,true
"Aug 29, 2022, 11:24:52 PM",Rei e Rainha da Montanha L'Étape Brasil 2022,false
"Sep 16, 2022, 4:00:39 AM",Nuun Summer Sunset 300 Challenge,true
"Sep 17, 2022, 2:10:52 PM",CLIMB-IT for WaterAid,true
"Sep 17, 2022, 2:10:52 PM",Cancer Research UK 13.1 Mile Training Challenge,false
"Sep 23, 2022, 3:07:14 PM",Desafio QOM & KOM da Meia Maratona do Cristo 2022,false
"Sep 25, 2022, 2:51:01 AM",October Cycling Distance Challenge,true
"Sep 25, 2022, 2:51:01 AM",Athletic Greens® ‘75 in 7’,true
"Sep 25, 2022, 2:51:03 AM",October Cycling Climbing Challenge,true
"Sep 25, 2022, 2:51:03 AM",October Gran Fondo,true
"Sep 25, 2022, 2:51:06 AM",October Cycling Challenge,true
"Sep 25, 2022, 8:07:07 AM",October Run Climbing Challenge,false
"Sep 25, 2022, 8:07:11 AM",October Cycling Consistency Challenge,true
"Sep 25, 2022, 8:07:12 AM",October Walking Distance Challenge,false
"Sep 25, 2022, 8:07:12 AM",October Half Marathon,false
"Sep 25, 2022, 8:07:13 AM",October Running Challenge,false
"Sep 25, 2022, 8:07:14 AM",October Running Endurance Challenge,false
"Sep 25, 2022, 8:07:16 AM",October 10k,false
"Sep 25, 2022, 8:07:18 AM",October Running Distance Challenge,false
"Sep 25, 2022, 8:07:19 AM",October 5K,false
"Sep 25, 2022, 8:07:19 AM",Pride 5k,false
"Sep 25, 2022, 8:07:20 AM",HOKA Fly Frankfurt,false
"Sep 25, 2022, 8:07:23 AM",Climate Ride | Can't Stop Won't Stop!,true
"Sep 25, 2022, 8:07:24 AM",RUN LDN Wiggle x New Balance,false
"Sep 25, 2022, 8:07:25 AM",Sur 20 Mile Run Challenge,false
"Sep 25, 2022, 8:07:26 AM",dhb Be Brave,true
"Sep 25, 2022, 10:09:27 PM",HOKA Marathon Challenge,false
"Sep 25, 2022, 10:09:27 PM",LUCKY SAINT: Rejoice. Refresh. Recover.,true
"Sep 25, 2022, 10:09:28 PM",LLS Blood Cancer Awareness Month,true
"Sep 27, 2022, 5:47:25 AM",New Balance - BTN This Is Your Race.,false
"Sep 27, 2022, 5:47:25 AM",Castelli Il Lombardia Challenge,true
"Oct 3, 2022, 3:36:48 PM",ASSOS x ALFA ROMEO F1 TEAM ORLEN CHALLENGE,true
"Oct 6, 2022, 12:34:18 PM",Le Col Chase The Sun,true
"Oct 8, 2022, 5:54:55 AM",October Nedbank Runified Challenge,false
"Oct 10, 2022, 10:48:29 AM",The Livestrong 25/25 Challenge,true
"Oct 10, 2022, 10:48:55 AM",Run Southsea with Wiggle x ASICS,false
"Oct 10, 2022, 10:49:00 AM",The MAAP Transcend Terrain Challenge,true
"Oct 10, 2022, 10:53:54 AM",Powered by Picky PROatmilk,true
"Oct 10, 2022, 11:05:43 AM",Lucy's Red Bull Tri Challenge – Bike,true
"Oct 19, 2022, 10:26:55 AM",Royal British Legion – Move to Remember 2022,true
"Oct 28, 2022, 5:37:53 AM",November Running Challenge,false
"Oct 28, 2022, 5:37:54 AM",November 5K,false
"Oct 28, 2022, 5:37:55 AM",November 10k,false
"Oct 28, 2022, 5:38:02 AM",November Cycling Challenge,true
"Oct 28, 2022, 5:38:02 AM",November Gran Fondo,true
"Oct 28, 2022, 5:38:04 AM",November Cycling Consistency Challenge,true
"Oct 28, 2022, 5:38:05 AM",November 30-Hour Challenge,true
"Oct 28, 2022, 5:38:06 AM",November Cycling Distance Challenge,false
"Oct 28, 2022, 5:38:09 AM",New Balance - Run Your Way,true
"Oct 28, 2022, 5:38:15 AM",November Running Distance Challenge,false
"Oct 28, 2022, 5:38:16 AM",November Walking Distance Challenge,false
"Oct 28, 2022, 5:38:18 AM",November Half Marathon,false
"Oct 28, 2022, 6:41:15 AM",Desafio Strava - Meia Maratona BSB City 2022,false
"Oct 28, 2022, 6:41:15 AM",November Running Endurance Challenge,false
"Oct 28, 2022, 6:41:17 AM",November Run Climbing Challenge,false
"Oct 28, 2022, 6:41:21 AM",November Cycling Climbing Challenge,true
"Oct 28, 2022, 6:41:25 AM",November Something New Challenge,false
"Oct 28, 2022, 6:41:34 AM",PEdALED for Team Amani,true
"Oct 30, 2022, 1:07:17 PM",BIKE24 x Garmin Winter Motivation Challenge,true
"Nov 1, 2022, 3:42:08 AM",The Max Comfort Meet Road Challenge by Altra,false
"Nov 4, 2022, 8:39:50 AM",Shokz Finish Strong Challenge,true
"Nov 5, 2022, 9:00:36 AM",Start your indoor season strong with ROUVY,false
"Nov 5, 2022, 9:00:38 AM",ROUVY Virtual KOM/QOM Hunter Challenge,false
"Nov 5, 2022, 9:00:39 AM",Le Col 240 Tempo Challenge,true
"Nov 25, 2022, 7:45:16 AM",Breitling Century Challenge,true
"Nov 26, 2022, 10:25:45 AM",December Cycling Challenge,true
"Nov 26, 2022, 10:25:45 AM",December Cycling Climbing Challenge,true
"Nov 26, 2022, 10:25:46 AM",December Cycling Consistency Challenge,true
"Nov 26, 2022, 10:25:47 AM",December Gran Fondo,true
"Nov 26, 2022, 10:25:48 AM",December 10k,false
"Nov 26, 2022, 10:25:48 AM",December 5K,false
"Nov 26, 2022, 10:25:49 AM",adidas 5 km Challenge,false
"Nov 26, 2022, 10:25:49 AM",December Cycling Distance Challenge,false
"Nov 26, 2022, 10:54:08 AM",December Running Distance Challenge,false
"Nov 26, 2022, 10:54:10 AM",December Run Climbing Challenge,false
"Nov 26, 2022, 10:54:11 AM",December Half Marathon,false
"Nov 26, 2022, 10:54:13 AM",December Running Challenge,false
"Nov 28, 2022, 12:49:08 AM",ASSOS SPEED CLUB x ROULEUR 116 CHALLENGE,true
"Dec 12, 2022, 10:15:04 AM",December Strengthen & Recover Challenge,false
"Aug 5, 2023, 4:13:23 PM",Le Col Keep The Momentum Challenge,true
"Nov 6, 2023, 9:47:52 PM",Go the Extra Miles,true
"Jan 8, 2024, 9:57:45 AM",Pas Normal Studios January Resolution,false
"Aug 26, 2024, 9:54:44 AM",September Commute Challenge,false
"Sep 18, 2024, 7:29:22 AM",September Ride 200K Challenge,true
"Sep 18, 2024, 7:29:29 AM",Attaquer Time Attack Challenge,false
