Media Filename,Media Caption
media/13107065-51e1-49cc-b172-4b88eae993d9.jpg,""
media/f15c91d2-cfcc-469d-9238-a5e4585b976f.jpg,""
media/66524573-7957-48b5-a713-bd909d34666a.jpg,""
media/142f7bd9-8825-4cab-a5b6-4075417879d8.jpg,""
media/6e650662-cb3a-42e1-a89e-988423e61447.jpg,""
media/f5656d6b-59b8-44b8-8703-cb8777d92fd7.jpg,""
media/3f19124e-ef39-463a-a7ba-992400f310cd.jpg,""
media/a446de82-0797-49c8-ba08-e5469121e7cd.jpg,""
media/b4ff3b2e-9fe8-4b92-be2f-f181052b23db.jpg,""
media/5c455a97-3378-418b-9106-fd0b7b7d8262.jpg,""
media/b838f266-ba2c-41e0-8144-58e2a7ea3c8e.jpg,""
media/4ace7f3f-188b-4668-bc99-4e3767fa9808.jpg,""
media/36052ffe-836d-4af0-ade2-946005f6e624.mp4,Zwift - Group Ride: Pride On Ride  on Big Flat 8 in Watopia
media/821278e1-5852-4110-b414-c82aefcbe077.jpg,""
media/f410b0fb-7c89-446e-bce8-4d59fbb84888.mp4,""
media/ccb06ae7-e751-44d4-8cd8-e49c359c45f0.jpg,""
media/80bb4feb-b99d-4968-97a8-9fba12e38c0e.jpg,""
media/91ed97fb-9900-4ebc-9433-fd56628d7a80.jpg,""
media/ba6fd0f1-4019-4011-a45a-19be973d7903.jpg,""
media/57887b54-64c8-495a-85e1-60dbc8eae403.jpg,""
media/f6336616-eb91-4e55-b95c-68945bc25ff4.jpg,""
media/ce59308c-1f5d-4ed8-9c29-1551ed4048fc.mp4,""
media/76f03f51-6318-414d-86d0-049792b11713.jpg,""
media/d317eb60-3d5b-4306-a733-442489241568.jpg,""
media/04e68c79-f2b6-45dd-91e3-459697f02312.jpg,""
media/d88ed163-0fcc-43c7-beca-1f560029fcad.jpg,""
media/34f05665-f6ef-481d-a9d2-d57873bfd57d.mp4,""
media/f02196dc-5cef-40a9-bea6-90bb9bc2f54d.jpg,""
media/1359e4df-840d-4c1d-b704-0e40ada2c284.jpg,""
media/00b8d1da-8298-4f6a-82c7-c93debc42b81.jpg,""
media/9d5da742-6bcd-4f17-bc61-f0df17990168.jpg,""
media/06a3d60e-8d62-436d-8733-0cfba0dfe19d.jpg,""
media/9bc11b2c-fc4c-480e-8878-0dc43de10aa9.jpg,""
media/2def1c82-85ee-48ef-ad6e-fc3d6fe1453f.jpg,""
media/ecdec1a6-d1ef-4e6d-a4fd-38fe69fb9bd7.jpg,""
media/2917b735-a431-42e5-ab6a-4993b01d2b58.jpg,""
media/8a35c00a-37e8-4b0f-b084-52b513916b1b.jpg,""
media/5db1df7f-b4a3-4b23-b6a2-c20bff648311.mp4,""
media/efed0341-908d-439e-bf93-fab6b4f1d853.jpg,""
media/382ad2ca-60f8-49df-a38b-85775a1d969e.jpg,""
media/44ea4458-54f3-4c89-ac3d-9e8a76dbd2af.jpg,""
media/2be99598-33b3-4741-800c-a38ec8ceee27.jpg,""
media/4a78de63-717f-4f14-92b6-6f74ce93d5e3.jpg,""
media/c24d3182-dfd1-4a1b-9737-c7f8c1420702.jpg,""
media/78cbce10-e012-4d8b-8d11-915dd0929bd5.mp4,""
media/6b91f581-4e97-4553-8a61-22106e14a6d6.jpg,""
media/35a61b1f-27b6-4ec2-a721-2d6920eb9a62.jpg,""
media/b0b71db7-0dad-44ca-b67d-f8420bd49044.jpg,""
media/94268794-550e-413b-a0b9-de2f38ff001f.jpg,""
media/4f122d64-0677-4f2c-abc2-2829e0db065c.jpg,""
media/e932166c-efe3-4c5f-89db-a8cfa395fb19.jpg,""
media/0f854af9-06dc-4681-a0f6-8b796946e662.jpg,""
media/f83ccbc7-7dc0-4051-85ae-aaf79ee7f42f.jpg,""
media/c94a55a6-fad9-40a8-ab50-dc2c56987fb5.jpg,""
media/8d4909c3-1019-4f21-89c1-93c945cdd56c.jpg,""
media/f7595268-a7b9-4468-b8c3-1051ef1005a8.jpg,""
media/ae82e247-9ac9-4c29-a094-d85237f8371f.mp4,""
media/c80bba93-bbad-4d0b-97de-fe1afdf06753.jpg,""
media/fc644617-6691-449b-9074-7e9a063db1d6.jpg,""
media/cd5c4e0f-49dc-4f27-8b64-b14bab115422.jpg,""
media/1630c57f-43b7-473d-89fd-bd0199497461.jpg,""
media/572ccd8e-6b22-405d-a1fa-12e32a9725d5.jpg,""
media/70a0170f-fbb6-445b-8ca4-2210a5f8a4a4.jpg,""
media/c28c1358-4688-468a-9149-2a6fce229cbc.jpg,""
media/e629edb8-f152-41c8-a126-c965b3432fd8.jpg,""
media/831906e7-7161-4e65-a898-a11179da01e3.jpg,""
media/07971e33-5f4a-4fba-8e51-3fcd6ac49b2f.jpg,""
media/1a2e8633-e979-418e-9253-fb663b9c4f27.jpg,""
media/ef3523d4-4603-4f24-99f4-b1894441847a.jpg,""
media/f7bcf5d6-6732-44ad-8c6e-1a9412d66a6e.jpg,""
media/8cc57412-5f0f-4e06-a881-327edf7b3946.jpg,""
media/87f8ef6d-c319-485e-89ca-754d3215fd41.jpg,""
media/ba11c9bb-6f45-4987-b845-eb6291fd0fec.jpg,""
media/9b7ca683-1404-4ee6-9f20-9997ea64e98d.jpg,""
media/d6f54bd1-261c-4333-8e9d-2d911abb5f88.jpg,""
media/899be15a-7011-461b-a18d-60a9759a3ac5.jpg,""
media/b0f7ea9d-bebb-4b63-bedb-88fd19d7651e.jpg,""
media/72b903c5-ae3a-468b-a753-0e84a49c2c14.jpg,""
media/34388eab-79ac-4154-8b0e-fe2180a394e5.jpg,""
media/2d70e34a-11f0-462d-959d-a462655e754a.jpg,""
media/9dd11784-bb3b-4c95-b6eb-620e084f9595.jpg,""
media/73bf90af-0e47-41fa-a1d8-37f5545d1b12.jpg,""
media/dc9ce515-b450-4d18-a953-ddaec93ee880.jpg,""
media/5b026eb8-7a22-41bc-a9b9-0d8044862a31.jpg,""
media/0a15bf8a-52e6-4dc8-9262-887096ce2f3e.jpg,""
media/ffb9db47-65ae-4f96-8a22-7873e00bca89.mp4,""
media/464d343d-1546-41d0-a15b-f751b83b5bf1.jpg,""
media/20504ebf-e6df-4692-8887-49221fcac037.jpg,""
media/b594c437-9b3d-43f3-ae05-6dc8c4000a05.jpg,""
media/1c9810f1-c722-4c22-b282-c8b1a14daf0f.jpg,""
media/e323fe5d-b960-4810-8d9f-fefd6a7fb87b.jpg,""
media/7a4a2ef2-5b1c-4131-bcab-b1356d193c8a.jpg,""
media/8ee0f73e-0848-48ed-95cb-cd4dacdd8b40.jpg,""
media/8c688b4d-79cc-4032-8cd8-359f1c10b843.jpg,""
media/96ccc73b-7155-4b30-bc0e-62cf818ea370.jpg,""
media/bda74003-77b0-4c35-b064-bf72ee5d27f5.jpg,""
media/2633a3bb-8671-4f04-89bd-6fb0853bdb57.jpg,""
media/f2037fa3-3dac-4daa-a416-880e8065b7d7.jpg,""
media/be4bff52-a427-4740-8d23-d6af025ca4dd.jpg,""
media/e703fa07-0beb-489a-a716-cd00f5e158a0.jpg,""
media/98929d62-f973-40eb-a462-73bb1fb55279.jpg,""
media/3ea14cc6-9c68-483b-b508-7d2089af2d77.jpg,""
media/bac5fdd6-68df-48d3-af0e-0a6332f0de3e.jpg,""
media/8a9e4177-928b-4340-a921-fc2c461648a2.jpg,""
media/48ee3dff-cf90-4d93-8f99-4897e630a917.jpg,""
media/42ac4af8-a745-4c7a-b857-d979033b1acd.jpg,""
media/c7074276-341d-4f4f-89f9-aeb51ca51cc7.jpg,""
media/4209bd63-39d9-4186-8d9b-4bf16a87da6d.jpg,""
media/baa1ac3c-be00-4e17-acbd-923bcaa78cd5.jpg,""
media/71bf8ccd-c835-49ff-b788-3a5cfdfadba8.jpg,""
media/2db0ecda-8842-4481-b155-4010ce0e18bc.jpg,""
media/546f4b8b-5fb1-4fd0-9187-91e0504521b5.jpg,""
media/070d9e1d-b10b-4edf-aa83-8fc90896c19c.jpg,""
media/908755ec-3963-458e-8dd4-608be2af5fdc.jpg,""
media/1aa073de-d419-4934-a078-ada5306b1af7.jpg,""
media/df46e126-efed-4d82-858d-879de3ea8208.jpg,""
media/43fe8263-2e2b-4ea0-b2a1-2e20bab07a9f.jpg,""
media/c173b770-0f5f-4c0c-a3f5-55345c6d5c12.mp4,""
media/2169780e-c4c0-4297-bd23-8b3795471fb2.jpg,""
media/5b1a6253-658a-4082-84dd-7e3b2b451a42.jpg,""
media/1047292d-27c8-41cf-832b-71e727d3c592.jpg,""
media/891b5a87-0ff2-4666-a116-a15c3f473c4e.jpg,""
media/c65042dd-64d6-4b51-95fa-f81bb40ff1d4.jpg,""
media/d0374c26-ff05-476e-beca-d22c1fd367bb.jpg,""
media/f93084ec-e21e-4bda-bf84-d3fd6b0442ee.jpg,""
media/4f22d46f-45f0-442b-98c7-bc0606a20d17.jpg,""
media/4e8c252c-cfa5-4721-8599-b6d0d92f6fe7.jpg,""
media/a476525f-6e11-4308-a156-67b3f9ee174f.jpg,""
media/905da87c-4e20-43fd-8dc0-2c871757a822.jpg,""
media/260f25f9-b901-4172-bd09-83588b81e8a1.jpg,""
media/2bccff97-786d-4206-aa0b-8d1bd5d1a1a1.mp4,""
media/fe0b1eea-95ad-465e-bd32-097fb28fc21b.mp4,""
media/8cda4a19-92c5-478c-865b-cd593d5b4beb.jpg,""
media/15fb05dc-f73e-44df-87aa-769c001553a0.jpg,""
media/ceaf04f8-3919-49f1-8cf0-430a2582a2ae.jpg,""
media/d2dc115d-4df1-4f6d-bdf8-cc7a5996aac6.jpg,""
media/ff01b929-22c3-4625-9890-7baa53997202.jpg,""
media/2e6058a5-033d-42f1-9be9-2fa90cb46089.jpg,""
media/af87d399-eab4-48b0-b7ca-a8bfc87d00db.jpg,""
media/a2d9b33e-0046-4386-8219-a9eb3bc77701.jpg,""
media/1ea04fd4-f7f1-4fd7-8247-93773810ced2.jpg,""
media/a97bbb7a-4efc-4e75-9c5c-6361a4d94690.jpg,""
media/473729a4-655f-4085-b48d-268c95ec7300.jpg,""
media/cd208697-9b7f-4bbc-b239-d49ef9dab811.mp4,""
media/7c5987b0-0775-4b35-9545-9afb40d17714.jpg,""
media/34a0b625-401e-4781-97bc-af1699d70744.mp4,""
media/2018a3ed-42b9-495d-b98e-7f776356af5e.jpg,""
media/60bf4cde-17cb-421e-b237-7cee2362f060.jpg,""
media/e7eba984-4948-4cc9-8d1f-6bf017b02621.jpg,""
media/70818cbd-d104-4c3a-acdc-2ace27dd06c8.jpg,""
media/402ca683-795c-42f9-9336-392b7fe1e6ec.jpg,""
media/a5f19d6c-a9a8-4a9d-9cdf-e01e4bf3a137.jpg,""
media/f863802e-149b-463a-bfd5-cc107086f79c.jpg,""
media/4c6f33fd-b595-4ed5-a5ee-2a31542e21d2.jpg,""
media/4145b664-a042-4042-a7ee-f806164bb331.jpg,""
media/6c905a61-134a-4095-aaa3-4085232156bd.jpg,""
media/0370b6bf-fe4a-47a7-ab28-07a50a8691cb.jpg,""
media/7ac48338-77b1-4372-8042-fa098173f8a6.jpg,""
media/655599ac-ab5c-451f-95fd-690c7ef0605a.jpg,""
media/0e09ee58-7522-4038-9f68-04fd74b018ae.mp4,""
media/abceeaf8-34a9-4d57-a666-eea08d225786.jpg,무너진 다리
media/14c39e92-f909-467a-9b85-b5ae1f04f085.jpg,""
media/d8632bea-4b8e-4943-a40b-ef0a5b0deed6.jpg,""
media/4bdcfc22-0e19-474f-8056-32e146c59e80.jpg,""
media/77597bff-e41e-4363-bae1-550dabbe14ec.jpg,""
media/1243012f-b154-481e-9184-e2f262c0c9c0.jpg,""
media/2d80df9f-6ed6-43a2-97ed-1bdb40f1751e.jpg,""
media/25db63a0-48d1-465e-b222-fe97959e5989.jpg,""
media/5381ee36-18ae-4f57-91a4-ff6e50fcef78.jpg,""
media/985eb05b-8a0f-4936-9ba0-8a5bed71838a.jpg,""
media/da80e030-b424-413a-ae4c-ad84839c9044.jpg,""
media/1c18af0c-6c14-4643-9653-ad0f1c610360.jpg,""
media/d1c2d683-395d-41e2-9a65-67d2ca98e8f9.jpg,""
media/c1f3815c-e35b-4f01-ad15-99a5fd3d6baf.jpg,""
media/1101f097-24c7-485e-a2fc-76e353c07868.jpg,""
media/4c110fe2-d533-48fc-84f3-876037a2be35.jpg,""
media/4baa61d2-4c18-4f57-8444-f888a3847b20.jpg,""
media/675a1357-6242-433d-ad63-4ac9f8a41ae4.jpg,""
media/9540947c-da24-4992-b8a4-27b120257f75.jpg,""
media/93a56122-231d-4a05-a474-d2294c52861f.jpg,""
media/9a248859-75f4-4e7b-81df-8bcd100e1397.jpg,""
media/23000953-ae92-4057-939b-8e2319330751.jpg,""
media/0d10f7de-7a71-44f4-b3bd-8a10e48215c7.jpg,""
media/356b6cf2-085d-47cc-8703-646dcbef0d4b.jpg,""
media/4d933210-92d8-4e9d-ab19-f67b1cabe9a3.jpg,""
media/a218781e-fe4a-4e8a-9d4c-4686dee0fb4a.mp4,""
media/6eaee032-c8d0-40d3-908a-90a08072f7f6.jpg,""
media/f3af48fd-c42b-49bc-bdba-2690b351dd6c.jpg,""
media/6bb5b33b-61bb-4a7c-a1d1-ed7cc8bdef53.jpg,""
media/e470818e-bcc1-4572-bce0-9b4b663a9597.jpg,""
media/1afa2352-5a51-48c9-b3d0-47b2d5310723.jpg,""
media/74b20ebd-1aeb-495e-b377-3d8a8b4adf61.jpg,""
media/482d5d5f-8f15-48a7-a9bf-60c586825ea4.jpg,""
media/d3a41e92-dda8-4c6f-a62b-eb6bae1297ef.jpg,""
media/67db6b54-9907-4657-9d49-a4d9c2a85805.jpg,""
media/6af3b21f-9848-45b7-8e70-6b41f093a1ea.mp4,""
media/319ab9bc-40a6-4655-b828-610af7024ae6.mp4,""
media/401a3945-db19-48bc-91b6-c4edf6d4db70.jpg,""
media/83197308-6a2d-401a-935b-65195031a593.jpg,""
media/464950ec-37d2-412a-be68-ae3cad9a971a.jpg,""
media/7d39ef87-0def-41f6-9886-eb5712ad78e6.jpg,""
media/4c6b9aff-4526-49a9-9736-27229d162377.jpg,""
media/65569484-e4ac-4801-bff8-8715ee959dab.jpg,""
media/66fdf1a3-c154-49f7-99df-49a084b39168.jpg,""
media/397bc510-910f-4f8c-9b6c-bc673c4adf22.jpg,""
media/f79738cd-398d-4dd4-afe6-424fc14d959d.jpg,""
media/cb6144a8-dc0a-47fc-89a8-9199ed4d8b29.mp4,""
media/16730583-05f9-4362-abee-c4d10fb1a037.jpg,""
media/abfe914b-d64b-4702-9769-454e91d359fd.jpg,""
media/b8c878c3-0789-4814-b2cf-ed1ca7f4f26b.jpg,""
media/155ef881-7960-47de-b3dd-1222329bfd02.jpg,""
media/1174bfe2-3e35-4349-8857-375a10861112.jpg,""
media/569abdcc-6f6a-4a8f-863e-64bf59c4c80f.jpg,""
media/db1db175-6afe-4910-82cf-7869ce7aeaf3.jpg,""
media/f4cbc5b9-c402-4699-9e6b-38cf3bcfe902.jpg,""
media/67f0100c-7063-4bff-ba76-5774ea80345a.jpg,""
media/dfa1f77c-9a4a-4875-abb0-334ea563bd46.jpg,""
media/095668ea-a03d-4131-ab8f-783feb13a0b9.jpg,""
media/9fd7b7de-6365-4781-bb6b-72b887f9919c.jpg,""
media/389820c2-7876-4ccf-ae12-3a23eba39618.mp4,""
media/0ea45a98-6e22-4a54-a899-1850bdb374fd.mp4,""
media/3307eefd-c459-4f34-9c42-479de640893c.mp4,""
media/3d368c40-1852-445e-87ac-9dc867e749e9.jpg,""
media/1046b2db-a8b3-43fa-a729-3540e29a9f91.jpg,""
media/55217aa9-eeae-443d-8ad6-454ef80c71e9.jpg,""
media/a3533755-f6e1-45fe-bb25-119e65eac628.jpg,""
media/89efb3a1-ce2a-4b10-98d0-48f07273b078.jpg,""
media/f764f5b4-16d3-455c-8fb3-5f93f5f1de03.jpg,""
media/257cee45-dfba-4f7f-be84-744f9a62a710.jpg,""
media/545151c2-fc96-4a03-aba4-af2ca7cec5e8.jpg,""
media/41ab048b-0de7-4b54-9815-ae4f9605e77a.jpg,""
media/2202e5d7-f21b-4b9c-8aef-4ccce0f6f131.jpg,""
media/bb2fa2db-d914-4871-ae20-214767f6e684.jpg,""
media/f8262648-946f-4b85-a663-aad2b90a8966.jpg,""
media/35d1d10f-6846-4330-b539-8489289f23ca.mp4,""
media/45bd0950-a576-470e-bc9b-0e26e8561316.mp4,""
media/153c3747-d41b-475e-92cd-ca3d65bd989f.jpg,""
media/aba38697-f538-48bf-94ea-dcdcde31389a.jpg,""
media/a4646117-aea9-4059-b645-5cc049466acb.jpg,""
media/9302c84a-19e3-4b32-8942-2a033891fa3e.mp4,""
media/e13509eb-92bb-4738-8037-2a561ddee877.jpg,""
media/53c21005-3092-4eb0-af74-f2e7dc250836.jpg,""
media/07c05c5d-98cc-4fc8-9bb9-d6812351076a.jpg,""
media/b639a9fe-4afd-4e77-b7cf-99d29bd7f948.jpg,""
media/8ab42294-6957-4806-8dfa-005591e79731.jpg,""
media/0bd3e97f-e20d-413e-ad62-f695d4635017.jpg,""
media/98f8145e-50a3-4621-8316-db26cbc8d0e7.jpg,""
media/247c8374-1fa4-41bf-a7b1-af8baeef6dc1.jpg,""
media/41fb5f1b-0c19-40e2-a9a8-119a5c496903.jpg,""
media/0de3e324-f61c-4a90-b662-50cc66ef1739.jpg,""
media/d0d363a5-dc23-4457-b5c8-018dc9fc71a6.jpg,""
media/0c6507e4-dfde-42ad-9a7b-7553eabca686.mp4,""
media/0bcf10b3-3964-4314-a76e-b420f63fd220.mp4,""
media/16f8bca3-85af-43fb-a5b8-15b4fdc2cfd8.jpg,""
media/7664a5d9-8c99-4763-94ea-bc1c6e72cd35.jpg,""
media/f0bf2f3b-3016-4564-84b5-3d821a8bb366.jpg,""
media/69ec54a5-69ad-4f58-80cf-9c82a4cbd32e.jpg,""
media/ffee7337-8627-4f35-b484-3af9b9fa8bd5.jpg,""
media/7da2763c-90b8-4b3f-8b7f-5b3c4d1b0a2b.jpg,""
media/8be5d3d6-e2f9-49d3-8e9b-7f5f51aa8153.jpg,""
media/be834750-3187-42e2-bf75-5e27e099ee64.jpg,""
media/c81b8fac-d932-41e6-8cd0-59d6d550f7c8.jpg,""
media/84e429ff-f0e2-4946-aa84-36e0d5193139.jpg,""
media/5284d456-5656-47ca-9a8e-cbd325946890.jpg,""
media/6294fd6b-340e-44d7-b4a1-96662b0da9a8.jpg,""
media/b0575b1a-00e0-4ffa-b783-0b83cc4ab435.jpg,""
media/c593d669-dc62-46fc-86b2-1a6dd7c946dc.jpg,""
media/657af38a-00c6-4fe5-98df-b094a91fc636.jpg,""
media/1cb88904-7e38-43d8-b3a6-2634b5f2c2d1.jpg,""
media/5ac64d71-afce-40e0-b651-5f97c2641457.jpg,""
media/4b2d5c62-37a3-4c15-8b45-3a389ca0d6e1.jpg,""
media/210fd948-bebd-43f5-a073-33219198f1bc.jpg,""
media/6cbb2b72-d96c-48a7-8131-52fe2d8acd64.jpg,""
media/ff1ec017-e0fa-49d2-ba28-926ea9d9cc78.jpg,""
media/8513b88e-1ea1-4379-be07-f7acc634b22f.jpg,""
media/5d347181-0419-4761-98d6-e4e2b94be105.jpg,""
media/0644dfdd-ab75-4694-9f6f-8511794d108c.jpg,""
media/82d9811f-bc08-42b9-8be8-87be8374caf6.jpg,""
media/41c89640-dc7f-4eb9-acb1-e61bb78e2a6d.jpg,""
media/ef7f68d2-abc6-4d1a-aadb-28815a1a0526.jpg,""
media/cb757aa8-5b15-43e7-adac-7cb21f02de8f.jpg,""
media/e944ed36-43ac-49cc-9ab9-03dea0cf2b17.jpg,""
media/958eed7d-0c95-4753-bf22-ee534655bbad.jpg,""
media/5c7cdb80-69a7-43b0-ba16-da8d9017061b.jpg,""
media/e794a1f5-3833-418f-a249-df0b23ea37f2.jpg,""
media/96315565-5868-4637-a225-d0187a922ea6.jpg,""
media/a840ddd6-4cae-404e-95ea-b352dcde9a46.jpg,""
media/f42b08a9-ea9d-493d-bb89-7f150007a2bf.jpg,""
media/7c7a9732-b7f3-49b8-a7e8-2676a4c3c2dd.jpg,""
media/2a085886-2524-4ccb-8b3f-736bdf3bc885.jpg,""
media/d7d06bc8-effb-4696-b473-4c991dac29e3.jpg,""
media/66ebc206-796c-4168-ade4-fdc2cf9a933f.jpg,""
media/9ee829c8-c503-4e33-b543-da3cb09f2611.jpg,""
media/3f1d658a-3dda-42c8-bf10-a1f2eeb40fb3.jpg,""
media/c1f11b8d-9d3b-4164-889c-be952ff5a250.jpg,""
media/3ead6d8a-064c-472a-86b5-5d9a05404327.jpg,""
media/3309d8ae-7955-4d8e-8891-75d8712bb5a1.jpg,""
media/24ff23d0-fd53-4554-ad65-13b75a732a0e.jpg,""
media/8e5156d1-cdd0-4b6d-9b33-ebc164eff092.jpg,""
media/90af527f-19ec-45f0-9699-5c9eda6c6c8b.jpg,""
media/8f9c8063-43ca-439c-b6dd-90769904d633.jpg,""
media/d800bca4-e00a-4a7d-89c5-2cbc679ab56b.jpg,""
media/3d3f4a91-ad00-4624-855d-ffe7a6addc31.jpg,""
media/1687b36d-4fcf-414c-bc90-53711ff3d3e9.jpg,""
media/edb002b7-2a81-4c0a-8ba3-60bf2d453120.jpg,""
media/261d1d83-f254-4c20-9075-5b4e2af0c75a.jpg,""
media/0c0608d3-7f10-4150-88f1-a206d2ed0c64.jpg,""
media/26ea0d42-5f7c-4cb9-ae12-3ffe74b4da94.jpg,""
media/c1273378-03e4-48ca-b860-6e03b06d36e1.jpg,""
media/8438f203-837a-47f1-81d5-2aa91d978867.jpg,""
media/c0ca0039-1b8b-4e25-83c6-27c6962d8849.jpg,""
media/ec2fdc79-fc3f-4890-8aa5-b715cd9cfe81.jpg,""
media/1a1b2f74-d0bc-4881-a7ac-c581ccdb0ec6.jpg,""
media/942be609-9e5b-401c-95f0-ac9eac2ed6c3.jpg,""
media/e83d7583-1f6e-44b9-b005-52c07f5a99a5.jpg,""
media/37724cc8-3d63-49a0-ba4f-c5da9c5b1b81.jpg,""
media/4264b9bb-8dea-4d3f-8591-01575ecbbadc.jpg,""
media/c625e40d-0160-428c-a952-67ae544b4798.jpg,""
media/8448e6cd-1959-4811-92d7-66a6bf506cc5.jpg,""
media/1276b2d4-6107-4316-a0b1-bb1987eb975e.jpg,""
media/2ff94aa0-1ef9-4425-af03-88ff26f3113e.jpg,""
media/9091413a-949e-4f36-9b73-aab70dfa608f.jpg,""
media/d04e9067-5780-41f4-b36d-9d9679fe9444.jpg,""
media/9d103b64-44db-4f0a-80c3-4069455b1ea0.jpg,""
media/cd6c00c5-b73e-4d56-85e7-a5638f640fb1.jpg,""
media/920a885e-6a56-4a99-a838-52ae56f5ad1b.jpg,""
media/81e3e185-f92b-4921-980d-7606dc5a1b86.jpg,""
media/9a09f3fb-e041-4684-b1a4-1ed5e0ac3a4a.jpg,""
media/d630ce3c-0b55-4eb1-b346-3cb483e38bb4.jpg,""
media/361d72d5-5d4d-475b-8d3e-a852dd72d082.jpg,""
media/52b37d01-026b-4d7e-96f0-9500d2a023ed.jpg,""
media/5d7102b5-1716-44e0-ae97-1afe0875d085.jpg,""
media/0c59d2dd-7cb9-44e5-ac68-2e21a74e8b81.jpg,""
media/8e3c4bd4-1c8c-4d84-b82d-0ec3b82d37ba.jpg,""
media/7cef4a75-91fd-47e4-b28a-c47ec073c70c.jpg,""
media/89014164-4c32-4c41-abe8-3c1fbb1f5dd1.jpg,""
media/aeb0c4bb-31da-4b8b-82d8-d9590364bb9f.jpg,""
media/436434cb-1c0c-4e39-a375-fd22eb941133.jpg,""
media/a54196fc-bc75-4a39-a682-ae81ed695cee.jpg,""
media/b0fe9cd9-381b-4a5d-8d83-605a380c2f7b.jpg,""
media/20c0f1c9-3c19-46c5-8563-614a8454c6df.jpg,""
media/a05ae0d9-642b-4a2e-ae0f-f9529565819c.jpg,""
media/8de80299-9001-4cd7-8500-fd1278e584db.jpg,""
media/d10c09aa-4ad8-4edb-b310-b05284ecf873.jpg,""
media/249d5256-8337-4104-a0db-aa2d024899de.jpg,""
media/c483885a-68e9-4ba4-8186-39afdeec9428.jpg,""
media/d4315975-b3de-4cfa-a14f-83ab5397eb04.jpg,""
media/b02b2c06-13e3-4925-96bf-7fd16aa1dbfc.jpg,""
media/553e65ac-1c85-4db3-a692-92166a295a3f.jpg,""
media/b0099ad1-1092-4c1d-8c2b-50fabe2f4e0c.jpg,""
media/52b226e1-330c-4aab-aaf7-2ee390a20f80.jpg,""
media/89ffa64a-b3f6-4d9e-aa0d-44450e5a1417.jpg,""
media/9151a532-f08a-47b6-b895-aad845074974.jpg,""
media/41272422-4657-4f91-aeb9-f65b3493dc71.jpg,""
media/047f9a9d-5333-4b14-9e12-55359efe8f08.jpg,""
media/35a59490-dd62-4465-afca-7a0f41bbedd8.jpg,""
media/146f1174-4dbb-4d00-97de-bf8b91da00de.jpg,""
media/d0e4053a-ca1d-4f2d-8ec8-5498de0e22fe.jpg,""
media/08c4379f-6c44-4839-a070-cf23f908c898.jpg,""
media/f9143fd0-76e5-405c-9157-8f009cb9c913.jpg,""
media/b505ffbb-d886-481d-81c0-b78999ab7a28.jpg,""
media/4e898376-fc1d-4c2d-96fd-5f3881e5b8ff.jpg,""
media/305d305d-62dd-4d5c-ab40-14af91cf8c81.jpg,""
media/444a95b8-ad85-4f92-a563-32251b9faf1f.jpg,""
media/8dc76aa0-0127-4490-b3ba-4bb9d51cba6c.jpg,""
media/9a015065-aa0f-4459-b7e7-3e0bca6d4216.jpg,""
media/3c5bd27f-d9de-46b4-a565-fe444c1abc89.jpg,""
media/49d4962c-f5f3-4122-acfc-207bc739e03e.jpg,""
media/71f445f9-5cc8-452b-88de-22d09117d773.jpg,""
media/938ac579-d686-4765-a075-6ee01e5a6b7a.jpg,""
media/691e9580-1b91-4858-aa4e-34bb127154e9.jpg,""
media/1a492dc4-6f0f-48d0-9f0c-d8d2400abfbc.jpg,""
media/9a1bfa41-cc11-47a2-8324-6af10f13e6f0.jpg,""
media/3737ea54-8da5-4cf0-9604-0491bcb70eb6.jpg,""
media/82bf7ac1-e280-4fb8-b51f-e3d92b282637.jpg,""
media/0238d362-b4ac-42f2-a8f7-8594c1ab8945.jpg,""
media/917b367f-7295-41de-8529-55a57657ab88.jpg,""
media/6e7cecd1-7a8a-4e54-8e4c-58070db92735.jpg,""
media/0b178db4-bd77-4b89-9195-95f262f10533.jpg,""
media/40a29a61-15b0-4849-876b-e56468021b3e.jpg,""
media/10724f57-8d53-455c-a107-a2e59dcd47eb.jpg,""
media/5f0978a5-34b4-4efe-a8f1-959b143e4a16.jpg,""
media/411aa91b-84e9-4df4-b936-f0914da3eda4.jpg,""
media/822a79e3-3bb9-4523-aef4-5a7981a20466.jpg,""
media/caac1e82-59a8-4071-b50b-e6124fd569c6.jpg,""
media/aa7d1c2b-dec2-4764-bfc6-a4fcb8f05ac6.jpg,""
media/9f6ed6c5-c575-4d23-a44f-4a0ac476bb9a.jpg,""
media/57f1cf40-9382-4bf7-9ab3-3b12cf2e8fe5.jpg,""
media/cc4429b5-ad17-47fe-9462-e3d5003219de.jpg,""
media/899e0faa-45a3-49db-a027-312467719473.jpg,""
media/50e538f7-b424-4ea0-865f-32333bedff7a.jpg,""
media/907ddf1c-a4cc-4596-8003-35c267613c2c.jpg,""
media/26bbbeb7-4117-4a9d-88fd-67866897291b.jpg,""
media/5511b76f-dd2b-4dba-9497-a99042ea80c4.jpg,""
media/5d8e2cc6-ecc3-42c6-bde6-10b46686cade.jpg,""
media/5c65edfc-fc76-4fe9-855b-e6a5b4c8b55f.jpg,""
media/65632d9e-0106-4600-90b8-0816f9f1c077.jpg,""
media/f781b19e-40a3-45b8-aa78-6565fac3ac90.jpg,""
media/69579cd2-080d-401d-96c5-ff67be28a491.jpg,""
media/10ee7ff2-a6a8-4f42-9a5a-afd0d4f042df.jpg,""
media/866b74dd-e87a-4db8-9c86-0e6920d5d6ef.jpg,""
media/d69581cc-ead2-46da-a06a-7df76f64a603.jpg,""
media/0e955701-0876-44c1-bda4-313e04b2c2e8.jpg,""
media/ef23e4f4-ea32-44a1-941d-57db97465ae7.jpg,""
media/c2c86c10-a117-4972-bded-d905be952fa2.jpg,""
media/15a28393-f881-47d7-8e82-22e373604529.jpg,""
media/0d54e514-0aba-4403-bdac-5d3594efc095.jpg,""
media/7dd512b4-5a6d-4145-8a2e-e5f970aee537.jpg,""
media/bb6d76b8-45ba-4606-a111-3aa240471041.jpg,""
media/de79b205-ed0b-4206-9fbf-c2f53a62f4cb.jpg,""
media/fabd028c-e92a-4b9f-bdce-4b4a88c1c52c.jpg,""
media/108362ce-84cd-45cc-9fef-d48928792418.jpg,""
media/201ab07e-9354-4a9b-96dc-b971d150aab3.jpg,""
media/d8101b78-4854-4567-8fc8-a6f602b96503.jpg,""
media/4f0f0ac0-4378-4117-b273-dd49c510d506.jpg,""
media/81119f0c-5b1c-4838-8537-1abbc42e4b5d.jpg,""
media/83251591-4c47-4793-b2fa-1d8adef0cd38.jpg,""
media/9b3e6d4f-fb42-4f4e-8c6c-4a7b6717ceb5.jpg,""
media/64538151-a0f5-4dd1-bb0b-940844ce863f.jpg,""
media/998362d9-ccee-40e3-89aa-52342542a4db.jpg,""
media/cf6b3a24-b7de-451e-850e-8fc9e1f2b306.jpg,""
media/e97fb7b6-f1ca-4996-9bbf-16d6d7f167bd.jpg,""
media/dea76548-23c3-4e54-9aae-ecee16d3c2dc.jpg,""
media/4c1fa616-da8d-4040-b2e3-2d090a1982e7.jpg,""
media/d07972b3-f3a0-4356-8694-9c0de0dec784.jpg,""
media/6b88ce29-ff46-4962-961d-bf4b9c687dbe.jpg,""
media/f4dae830-afb2-44c7-aa54-213951957a7b.jpg,""
media/53279b1a-5784-422b-acab-5418ef75b67c.jpg,""
media/3b6e0de1-0271-4eb6-917a-cbd9d7f8597c.jpg,""
media/e6bbe61e-36e8-4f32-bad3-f078d8148e6e.jpg,""
media/f84d81f2-dbdc-4ada-a799-1be2b2a63658.jpg,""
media/651cb48a-1a4b-438e-a94e-ecf48d608f26.jpg,""
media/5fdd781d-45d7-46c1-9958-758ceaed3179.jpg,""
media/dac782d9-985a-4ba9-af9f-704551f68223.jpg,""
media/9d128923-8b25-4643-b0a2-e6c1ff6d2c5a.jpg,""
media/d6ad1abf-70ca-4ebd-93fa-ceccdc0c4b2a.jpg,""
media/671a6031-0113-4df2-b8d1-def44e58d46d.jpg,""
media/395ca90e-11d4-474d-a834-e8ba1682c526.jpg,""
media/32b9fee2-0528-4004-968f-053b0b8151ae.jpg,""
media/909f8991-35b9-4152-8679-a37dfa9b984b.jpg,""
media/e8253ec2-4426-4c8e-ac6b-e736cc9519ac.jpg,""
media/0113853b-0c62-4ca5-a615-0b20f3044856.jpg,""
media/e60c4d62-c0f3-4acc-b57b-380a965cfd35.jpg,""
media/128868dd-9694-4c1b-9b86-e12f775dc663.jpg,""
media/e16fcbb7-1134-4e57-b9d2-a270b3812e68.jpg,""
media/bacd2084-0310-48ae-916e-d0aeec945b04.jpg,""
media/a9f308aa-60b9-4613-aef5-35f6fb120113.jpg,""
media/2db22c92-644f-4f5e-b7fe-a99e5385c9cf.jpg,""
media/a2cd6ec7-8723-49f8-9287-d61fdd1fae15.jpg,""
media/e0f5999e-00d2-4a14-abf8-eb43ba184a1f.jpg,""
media/c9babf9a-e506-48af-ab4d-8c67aa0741ea.jpg,""
media/b9866119-a7d2-45b2-b9b3-42f474201331.jpg,""
media/72f3577e-dc2e-49b0-b2f7-495da5abce78.jpg,""
media/2f73f61c-0564-475e-9ce5-32b062abaedd.jpg,""
media/15761055-46e0-40c3-a3d9-9c3717ced03b.jpg,""
media/5be116fc-45d8-4e25-bb81-751954d8f6cb.jpg,""
media/082eb7b8-13d1-4494-89cc-e1ec42ca93c6.jpg,""
media/5499b1aa-afee-43ad-b386-b9aad23273a9.jpg,""
media/7f105f19-6970-4c29-9043-194397201a7e.jpg,""
media/409bde0a-7946-4a82-8b61-5b178eb3ae77.jpg,""
media/db36199b-a86e-483a-8763-ce189c78366a.jpg,""
media/034ea50f-9f6f-4f65-ac55-0896fe175a91.jpg,""
media/0bee124b-cba8-4045-98b5-195df3c03fd3.jpg,""
media/869a0ad4-53f1-48e3-8d1b-f196b9352c37.jpg,""
media/b63f2a42-1152-4843-bb4a-1e3b9b72700f.jpg,""
media/eff2b80f-5463-4300-9ba3-3e217c9319d7.jpg,""
media/a8760f69-8596-4476-9c1c-a9d0517a71e7.jpg,""
media/1309b0f7-eef8-4157-b390-5e3a0dc242b3.jpg,""
media/f73ae30e-8bf0-49b4-a2f5-956fca0ab590.jpg,""
media/90c12fde-4cd4-476b-b798-4d165289bfcf.jpg,""
media/5629469d-1203-4e0a-87c6-6314c03231e6.jpg,""
media/80e0ad5c-9aa5-4a90-8b5c-2c7d0cc11786.jpg,""
media/062c693a-1060-4977-8c8d-b34ee276c5e8.jpg,""
media/ee27e56a-2a2c-4dc3-b87f-e110be4060db.jpg,""
media/4e2445cc-51c4-47b8-9a15-57b0ee15bc95.jpg,""
media/706d5c99-3e92-472f-9bee-d72f0572be1c.jpg,""
media/a940c0cc-d89b-45c8-9792-7ca5989ccf62.jpg,""
media/0d7615c9-6a50-4791-9e5d-a9758d731b18.jpg,""
media/b0a01008-3acf-4683-935e-9db46059f3cc.jpg,""
media/574659ec-a76f-4ac6-ab22-97559f7b71da.jpg,""
media/6613bd52-8d72-4be2-ae27-c93d6c08251c.jpg,""
media/26854d35-56fa-4c3b-89d4-802c7b631020.jpg,""
media/2bd4bb59-e1f1-48ab-91a8-cc70f32bbe15.jpg,""
media/a593c9e3-4ad6-4fa0-a9f4-4aad9e7420fd.jpg,""
media/f7f3dae8-b3dc-48a3-9547-28d797b29631.jpg,""
media/f587ac5f-6a86-4eb8-8af9-d36b5796de96.jpg,""
media/9aad4624-849d-4596-a772-1b4662fd8df2.jpg,""
media/f74b90ad-af46-4da6-ad18-3510ebeb0d3a.jpg,""
media/bfde7b79-4b93-4547-9978-b3d2b2417a35.jpg,""
media/a9e9a036-e80f-4a6c-aec2-d4325b634bd4.jpg,""
media/2dea14a1-e4e2-4b9e-82f0-95c35556bbd3.jpg,""
media/a5e3f257-4ced-401d-b43c-7ef7db98672c.jpg,""
media/89c61f25-da5a-4a86-bfb0-6afcc424b127.jpg,""
media/0bb8d512-df5c-4a3e-a7e3-797cb52615f9.jpg,""
media/c5191115-8844-42a2-9837-7ed1df291060.jpg,""
media/1e795785-baed-4fc4-99c8-8056208d56da.jpg,""
media/e7344e9a-de79-4ea8-bcf1-29aeb93408a2.jpg,""
media/776c7efe-d3b2-41ae-801b-8e7679a1d7e5.jpg,""
media/d32e7ba8-abba-40d9-8aba-650f58bff83f.jpg,""
media/14d0c680-db4e-4ee9-9dfb-d5bcac4925e7.jpg,""
media/3f607bd1-f4f1-4f10-a440-a741319af16b.jpg,""
media/2cf1fe8e-a5a9-43e2-8f31-d3430cd1100d.jpg,""
media/e018fccd-11b7-4b9a-9ce6-43b10d720503.jpg,""
media/f4d2a53f-7297-4156-b095-d93ca09721a7.jpg,""
media/5913a8b1-e547-425d-86a6-c88f76dc5e7e.jpg,""
media/df464468-ea93-406e-ab2c-36d42637462b.jpg,""
media/df0fa080-25e2-483a-8216-47b1d9d71926.jpg,""
media/b4ef38eb-c2f1-48ad-9631-474ab1e8aba4.jpg,""
media/344aa447-e9a6-4a30-8e40-58a09f1a67ee.jpg,""
media/270f1085-84eb-4e48-8cac-fc0920b0f446.jpg,""
media/4f0fcfb2-6056-4b60-b335-2fa8d9b5c78b.jpg,""
media/571c7ef7-0bea-4ee9-8e91-970b83caeead.jpg,""
media/d4bba536-0030-4dee-9064-cf10770c13d8.jpg,""
media/1c097968-f956-41ec-9b8e-a61dfeabc276.jpg,""
media/fe7471d2-9a20-4681-b592-4b5fb00d7f38.jpg,""
media/8293fd18-14cb-408e-88e1-202f1b79d0d3.jpg,""
media/45f535dd-0310-4e6a-a86a-d24d4ac1caef.jpg,""
media/ce711f4e-06d2-49a6-87af-d7322d0cf8af.jpg,""
media/89865c8e-f097-47d9-86c1-3f2d0c99ab32.jpg,""
media/2e2d458a-9d04-49bb-b5f7-3c1a3e4d0457.jpg,""
media/4835cd00-bfba-4b8c-9fb1-68a3449f8118.jpg,""
media/89a6da03-74fd-462f-b6b0-3c4278a120e9.jpg,""
media/87c0f954-d720-4509-9f3d-5d1cc7ebedff.jpg,""
media/b48c60df-38a1-4f00-abb4-d2e53f2a3059.jpg,""
media/e536e697-4f1a-4962-8624-ed047d0622dd.jpg,""
media/694ebb7e-1e61-4cd9-b3c8-15a27ab7f610.jpg,""
media/52f18346-df67-4416-a25d-fd2a5dc1b0e3.jpg,""
media/e5a0d258-32c7-4b0b-8429-98cc3e6711d9.jpg,""
media/2122423b-16bd-4bb4-a7e9-397813481480.jpg,""
media/c4444fbb-558f-473e-b97e-3b414408fae3.jpg,""
media/c4180705-2217-4182-a5a0-3ab7abf2951d.jpg,""
media/9c13227c-d495-41be-aa71-8755aaee85e5.jpg,""
media/9575b540-e89a-4e6d-866e-98ec64340558.jpg,""
media/82b61fec-31fb-4a63-aa68-ee769036d41f.jpg,""
media/c675732d-6b94-4551-b2fe-9b9576ba3556.jpg,""
media/f463c165-cbe1-414c-b3b1-d910cd84cec3.jpg,""
media/519210d4-98ea-406d-a6f6-c4bba4f7584e.jpg,""
media/53750341-3a72-40cc-8683-4422d41f5ed3.jpg,""
media/68bc75b4-b630-4ec5-9e38-0717fd60c547.jpg,""
media/4a4cd9d0-0981-4f17-85dd-1fba2da4e77a.jpg,""
media/1a69cac5-e3e0-4eb4-ae19-3c76b1eb8a03.jpg,""
media/fafd8098-6c6b-4f67-a095-3cb77b30a30c.jpg,""
media/6f1f88fa-644a-4780-ae1e-422ac64acda7.jpg,""
media/37bcf541-2b61-474d-9644-1a1fb1b95c7f.jpg,""
media/2c196937-c452-4a0a-9f2b-57c050397a0a.jpg,""
media/d2604f0a-2839-4825-8c17-31d7c18c9e5f.jpg,""
media/825b2d9a-642e-45f5-832b-30d1298f19f7.jpg,""
media/2947ccc0-3a0f-4be3-817a-7f261fb11131.jpg,""
media/cbaaaa9f-a4f7-48a9-8f3d-449bfb65733b.jpg,""
media/d7f2ad43-de43-44a2-ad76-5d2386c31741.jpg,""
media/e2d9ab53-f412-4864-beba-9ddfe9e6cd60.jpg,""
media/87fc0499-be8f-4269-92d2-9682c49d78c5.jpg,""
media/a2067677-6de7-4fdd-a6bc-f13a047204a2.jpg,""
media/0bfce8b2-91b4-4efd-8643-9f4f34e307ab.jpg,""
media/74344707-6ba1-45a4-83a4-cf0042e7c68a.jpg,""
media/b8207331-6988-4b56-af2b-7ac8a0c183c2.jpg,""
media/8edf5e22-7354-4786-9327-13525923c28d.jpg,""
media/3a20b8be-fc82-41a1-94a9-fc1a180fe19d.jpg,""
media/bd07dd1c-7e4e-47e7-842c-770ae5b86808.jpg,""
media/b8e3d79f-e389-49c6-9e8a-f0013e3b653d.jpg,""
media/a115122c-1fae-4d1e-9969-767134b464ab.jpg,""
media/32f88643-cbb9-467d-ad31-2999bca0c66b.jpg,""
media/7c30197f-b4d3-451a-8086-921020e46557.jpg,""
media/d3cd6b32-36c4-4504-be9f-449462e07844.jpg,""
media/0d7db6c5-e602-44e0-a8b9-d93b13da0913.jpg,""
media/8bce5f99-6572-4634-aadb-649e3323d29a.jpg,""
media/80203aef-1bbb-4d9f-b7fd-18a2ee0c9485.jpg,""
media/75e273d5-0c60-43b9-9554-fa9c2be7610f.jpg,""
media/8c6043fa-a6a0-45f5-85f7-741ebafa6a9c.jpg,""
media/b9300212-a072-49e0-90c1-7a95546002ea.jpg,""
media/af04af4c-e234-49b6-b9ea-32a68a8b000b.jpg,""
media/f7f65205-463d-4985-bc8c-8767abcba636.jpg,""
media/6252feef-85e4-4462-915b-49dc0108f21b.jpg,""
media/50aab631-191e-4ea7-8d82-756d6cbbe5ce.jpg,""
media/aa7d79db-d6d6-4992-b32d-558d1be7eea9.jpg,""
media/1eb213de-b16a-4688-b060-ce5fa2f21c4c.jpg,""
media/fe2d4b50-7c38-4b04-ba9e-03da1a1498ad.jpg,""
media/d11a5b63-2ac2-4975-bc22-2dbb88572c8f.jpg,""
media/838a1289-c8a4-4418-b77c-f4b8adcc2d15.jpg,""
media/d65c86ba-b9e8-4ca2-889a-6f7df5c4bd87.jpg,""
media/3af93f68-fae9-40e0-a448-dbe09d60b1f6.jpg,""
media/9db3df11-63d9-4528-8afb-4894ab4c78dc.jpg,""
media/57ab7947-b96d-4ae6-b8b8-072c828396e0.jpg,""
media/32124335-2247-445c-9cc8-5e6ca4a19dfc.jpg,""
media/fbf8ec7e-ee88-4ac1-acad-0df7a2531fd0.jpg,""
media/69518342-586c-49a3-b29f-8bc8c1ae4e4d.jpg,""
media/8a0bb0ca-ff2f-4db9-8daf-5481af4fa746.jpg,""
media/ef3d56b9-deac-4e3a-81eb-154c44d4fc06.jpg,""
media/803d5042-11a6-4d0f-963d-21ff520073c2.jpg,""
media/e4eecc6b-b859-4236-893a-88ede159403f.jpg,""
media/8dea70a3-4b12-4936-b0ff-7586bf586942.jpg,""
media/37627a8b-32b3-40f1-b63f-a2477c7a9a45.jpg,""
media/8877b72e-d128-4dde-a7a1-379706e92031.jpg,""
media/ad4b1df5-40f0-4ea1-90b3-0a5fb0c3cc76.jpg,""
media/63f44755-7b20-4d91-97ee-69baef409cb9.jpg,""
media/5db3a95d-8e2d-43d0-961e-3712f72a6fc1.jpg,""
media/093bd357-75ab-4a3b-9457-5b3c69807a1b.jpg,""
media/f1fd21df-61e9-4d75-b009-736d4803daa1.jpg,""
media/5373ed91-379b-45ab-b3d1-4d8d4fd8bed6.jpg,""
media/07168054-0766-46eb-a2f3-e4e8a1de5e3c.jpg,""
media/f08435be-321f-4fbe-a193-50ca4ef3a4d5.jpg,""
media/8aec65a8-49e8-4ba1-9c99-803bf1028882.jpg,""
media/f318bc11-3e1d-4aef-8fc9-1b6e9c99e72d.jpg,""
media/0b3fee4f-db7b-4c70-bb63-f21df082f42b.jpg,""
media/ac9b792e-36ac-42d6-bab2-dedac501b7a0.jpg,""
media/dfece53b-5342-45d5-8def-8b695fb6b56f.jpg,""
media/b7f37642-42fc-459f-bb82-ee5e782a1060.jpg,""
media/8d91619d-ae7a-49cb-bfa8-6857bdab116e.jpg,""
media/be4ab809-ceae-490a-a28b-acb6cb34387d.jpg,""
media/8cd2635b-c311-477a-a264-109abeedcc7e.jpg,""
media/b0801254-8a66-43f5-9a48-e19e969d80ee.jpg,""
media/5ee6415e-c924-4950-89f9-7b367a848e94.jpg,""
media/ba4fd3cb-9f5d-4e16-87f5-a7f990770644.jpg,""
media/69b0b0c2-8118-4869-b79c-cca346f64cef.jpg,""
media/d4d3d15f-4c8a-4503-845e-f04a412910b0.jpg,""
media/62685728-765a-41b6-aa75-641de327a97f.jpg,""
media/bc100741-c371-4a61-9521-b17417b46f0f.jpg,""
media/4d852ae6-2a62-4ed7-8472-4952580179bc.jpg,""
media/e23cd0b0-8458-4d1f-b98c-94966dabc32c.jpg,""
media/760dcc50-bbc2-4fac-a36d-745aa73c6920.jpg,""
media/a4cb1ff3-4a8a-449c-afa1-03ab085b06f9.jpg,""
media/c0eb0088-fdc3-4251-872c-d1c8cbe17405.jpg,""
media/8b7f0c3e-a12a-4ab6-a9d5-8ccdc05f04d8.jpg,""
media/3ae4e3d9-4e0d-4555-a24d-0511ac7c82d9.jpg,""
media/fee72efb-d20c-4c9e-bfee-efc3bc8e166c.jpg,""
media/63e464f4-2049-441a-a709-e8daa9cc3bf1.jpg,""
media/b40d16e9-7ea7-4504-9bea-328ecb24ef0e.jpg,""
media/258b53d5-1a42-4725-95b6-f363958e71b2.jpg,""
media/5f8f4fdc-1134-48c1-83f4-0ec56675f739.jpg,""
media/4eaca412-3ea1-4be4-bcef-1417023b2a38.jpg,""
media/cf3ea328-e089-462b-bf58-5f9e65cdbee5.jpg,""
media/42ec3699-3844-49a1-ba18-e70bce0f6a01.jpg,""
media/9493bf86-74bd-4b15-91f1-80f39becf75d.jpg,""
media/b73e0a35-316c-462f-aa63-7e1447602d8b.jpg,""
media/ce237a61-24b1-4f79-ae75-1002588dbb20.jpg,""
media/b49a2ee0-4955-4e00-8990-a5288621d33f.jpg,""
media/3617cd4c-c94f-4187-8def-157fa4f525a3.jpg,""
media/2f5b1365-df85-499d-a4fd-b7c50be1fb27.jpg,""
media/c3e96d6c-a630-426e-a41e-22c26fd2f231.jpg,""
media/931f88e2-3c83-4b47-8943-d3e029be8dd0.jpg,""
media/cc1d4c10-5ed0-4f5f-bb27-f4a0331886f1.jpg,""
media/f62b9a42-ce20-48b1-b43d-d71adbbded52.jpg,""
media/ec616c01-75f6-47d9-8975-6a5e7ebcd8f4.jpg,""
media/d50f02eb-3339-437c-88b4-e443dedde383.jpg,""
media/2f33f0cb-f64d-4055-b121-7e20e4aec1cc.jpg,""
media/2c09a64a-a19b-4efa-abde-3b281de95d01.jpg,""
media/8cd2a647-ec35-45cd-a924-768c9f7139fe.jpg,""
media/90acd54d-16f0-40d4-84e3-13932d6205b5.jpg,""
media/3ee3f15e-ffca-4ce3-bf9a-1a495b751d7a.jpg,""
media/808d230f-fe25-4282-ae6a-cbe37b61e0cd.jpg,""
media/2a8fb17f-b1e5-43dd-b762-d392c0abf75b.jpg,""
media/4eccd015-5e42-4bf3-987d-52d2a73ff1ae.jpg,""
media/705af3ee-bd5d-4e6d-9491-f6915b3cebea.jpg,""
media/00d40f15-5694-4366-a170-c3f195fbf55d.jpg,""
media/e66e91fd-2489-47c0-8eb3-aa7c9102310b.jpg,""
media/d5c0d6df-9eb8-4280-9ca2-988ad6722b78.jpg,""
media/0a81a421-3e11-4d61-aa8d-00be3b6b0255.jpg,""
media/da92b635-7a86-4967-83a1-bd9989f7e427.jpg,""
media/36b223ba-f774-4f30-a62c-4e9fac70a1d3.jpg,""
media/5f655f67-ebaa-4aa7-b77f-8604bc549ffa.jpg,""
media/7227f4e4-3bd5-4126-a33f-d1a90a0b2f12.jpg,""
media/0c149856-1a20-4a85-a2d1-81557b9b7138.jpg,""
media/bc0201b3-36ad-4bfd-8d33-2d8bf9a5d02d.jpg,""
media/5bc0e091-d26f-4d29-b85f-d8fa176ba6ab.jpg,""
media/3452f10f-51a4-4203-b0d0-38611e397611.jpg,""
media/bd9c11b1-7d47-444c-a625-8cba1738c229.jpg,""
media/e839a057-00d7-4305-bf98-c1b38ce2c9d4.jpg,""
media/fd844207-1cb5-4cb8-bb7c-842c277f5a0d.jpg,""
media/650272a1-3d52-4190-831f-d704f03d23c8.jpg,""
media/f5552c03-bf05-4ac5-a4cc-29e0ffb7614e.jpg,""
media/7d532100-0aec-41eb-805c-10fc3774294c.jpg,""
media/146b01bc-50dd-43ea-8ecb-3a9be169a84b.jpg,""
media/c8967011-70da-4f08-862c-c8b5ed44f7dd.jpg,""
media/ccef9f6b-9ac3-4d60-8b81-cb9bca1cae2b.jpg,""
media/4ee2b725-5e94-44f1-a4d6-3a692e1d1b39.jpg,""
media/c1553c78-ca71-4914-977e-d23b01d403b4.jpg,""
media/44787bd8-464d-4c7f-972f-60b18718a69e.jpg,""
media/896d3184-676a-4382-9a5b-a388cec9d572.jpg,""
media/0b82a0a9-7199-44f8-a146-0da64e2c5d5c.jpg,""
media/83e06e06-0c09-4f71-a14c-236349a033d7.jpg,""
media/fe83007b-bf2d-4ff0-b5c3-adf73174b3d1.jpg,""
media/91a340cb-aa1c-4af2-8654-554fbb6bdc1f.jpg,""
media/f3aa1ccb-91f2-49b2-95e9-68b4a8d6cabe.jpg,""
media/462dcfd8-eb96-4c59-a77f-1b06d988f463.jpg,""
media/894ae839-ff8f-4630-afa9-89d6fab2b920.jpg,""
media/74083c34-ff52-4aa7-9db3-f32ed40d3728.jpg,""
media/bc074cc8-183b-428d-9e64-1a5d33cf5d60.jpg,""
media/27b7b979-e861-464a-a07b-a35b4ec46593.jpg,""
media/1515001e-b846-4283-b4a5-9f3a6435f19f.jpg,""
media/262c6808-8dbe-4905-8f1c-b1e58d8ab095.jpg,""
media/b1362ce2-0f80-424d-a5e5-c4b2d280a995.jpg,""
media/3f39afb0-ee8a-4e9d-97c6-463773c29d03.jpg,""
media/ff850479-d823-46f0-9720-a3f234e5ec7b.jpg,""
media/4b1427e0-b5df-4e5a-a3f8-3a33a9faedbc.jpg,""
media/855ef0e0-1759-4fe7-999e-97500273c5af.jpg,""
media/19205660-80dd-4787-9cb2-ff3c0c029cd8.jpg,""
media/d0903929-b717-4b5a-b34e-e4ae97801e7b.jpg,""
media/37632aff-3e69-4aad-ac46-fba91bffcf90.jpg,""
media/83839ee4-a068-428f-ad98-a2a21d2f3465.jpg,""
media/d7355d34-9a95-4292-b057-8a8090334f87.jpg,""
media/834d1d21-cd29-4792-ae0f-200b398134cb.jpg,""
media/aac1dba0-987a-4727-adf7-0ea388f14cc3.jpg,""
media/2a43dfc1-5b62-4b0f-8eb2-13808024faa8.jpg,""
media/8ea5436f-8f01-4465-b39b-5786638fc7ed.jpg,""
media/8098fc0b-60f8-400a-8ef0-b7cfab2c28ac.jpg,""
media/f830d26c-e7ce-4882-b39b-a94c1d047e85.jpg,""
media/8fb2e0c4-d034-4685-a099-6b9e187ae6eb.jpg,""
media/39044f50-2b82-4583-9fbe-aa00976129b2.jpg,""
media/7796238d-33c3-4513-a7b4-bec240abf404.jpg,""
media/fe1fe42c-1b17-4917-8fdf-d761d9f7d1c7.jpg,""
media/a37efa44-1d66-4659-9233-a945907b88ea.jpg,""
media/c9887e04-ee3d-4460-a875-44e0ebc5b502.jpg,""
media/8d2b65d5-c094-40c0-8800-4560e321760e.jpg,""
media/fecafa22-82a9-4582-8706-f690bd962bae.jpg,""
media/5d98379e-9357-4a4b-9ad2-b19304083f05.jpg,""
media/5951a20e-1aeb-42ad-9483-a42ad82e7df4.jpg,""
media/cbef0b09-4044-42d3-a0b7-7ebd13d00b7f.jpg,""
media/0f4ad755-8d7a-43ee-81a1-a22e6178b4bf.jpg,""
media/313ad029-f7dc-4b93-bcec-1fd3fb60729e.jpg,""
media/1e923523-38ce-419c-804a-1d5f63f3a263.jpg,""
media/dda4f95a-8ff5-45a0-aec3-4e566499ab13.jpg,""
media/7cf5ff84-a624-4981-9765-02b5c4a61249.jpg,""
media/ed67743d-7fb2-4182-b7a0-f6b2ece694fe.jpg,""
media/dcaf9915-cd95-4e9a-97a2-94e68ae587b1.jpg,""
media/5a22872c-c27a-4804-ae66-36f33725e1fb.jpg,""
media/e671ea6e-1697-4335-8fb6-3674abe0916e.jpg,""
media/b453aa61-f509-46a2-b7a5-abb8866c242f.jpg,""
media/2ee70032-f0df-437a-8ca4-d9b14d8c3e5a.jpg,""
media/be6aaa57-07bc-463d-9b41-d858322b237b.jpg,""
media/9ceeaa24-9b38-48ad-b38b-c47accfca1cd.jpg,""
media/5c91be26-93f7-4843-91a1-f078503ac24e.jpg,""
media/c19b998e-8fa3-472d-baf8-a89d07c2e918.jpg,""
media/389c9be6-412c-4715-ac80-628ea2db16b1.jpg,""
media/7933465b-eac2-42f5-8a73-7f7b41d4203f.jpg,""
media/04355416-7fca-4e3b-9db1-eb22a58f90bb.jpg,""
media/42c088ef-6880-4abc-8d73-3b7c4ea73056.jpg,""
media/acbd82b1-a2f1-4d94-adf1-18282db529a3.jpg,""
media/e1b38332-4774-4d48-90e0-12fefe0a0ab3.jpg,""
media/21dacf34-d67b-445a-8416-b229493457bc.jpg,""
media/ffa7cffc-7a23-49dd-bcea-2f428dfe44fd.jpg,""
media/aba1abf8-96ef-4426-a60a-c655bffe175a.jpg,""
media/ecea49a6-5938-4367-a2f1-b659d0174a84.jpg,""
media/27e581df-76a1-4f8c-9372-85a38939edda.jpg,""
media/eb3990a2-ed32-46e8-8261-fbf4fc984168.jpg,""
media/e7a9e8d6-466d-43e9-b007-94b73946b488.jpg,""
media/a5dadf35-0085-45b3-9895-f090361212a2.jpg,""
media/a6901443-4370-41e0-bd71-b24c43fb3278.jpg,""
media/d8dbbceb-4132-4590-b696-a6194e361ee3.jpg,""
media/b836f125-0ce2-49f6-872e-710a024144b7.jpg,""
media/335d9014-7be5-4637-b61f-51ccfda91b20.jpg,""
media/34f690db-10d7-418e-8dfb-2ae0b623bf99.jpg,""
media/dd9963c9-0181-41c7-af47-72ef1a92bbb8.jpg,""
media/bc736f19-c838-4551-8f07-c3368dd7e31a.jpg,""
media/e1d01ebc-dd62-4e3d-9fc2-5d964d2324df.jpg,""
media/67bb4c77-92a0-4f45-be0b-70e617ca75f1.jpg,""
media/a0e129b5-b0b3-410e-9088-7a3feff01944.jpg,""
media/87f062b9-331f-4836-b2a7-21d5ec050229.jpg,""
media/40c93a54-5591-47c5-9df1-f4a6108838e0.jpg,""
media/fcacd1ba-910c-4166-9b3a-c3d414a95d8f.jpg,""
media/293c10c3-528a-4708-a78c-8502efce20fa.jpg,""
media/f7257f7a-6b3b-43fb-adbb-63be1c5f2c7c.jpg,""
media/701c3c3b-4e7d-467f-87dd-f4a025aa57a8.jpg,""
media/95eb643a-015c-4086-adac-488d1b5f9506.jpg,""
media/4b6fc4b2-ef1b-4b15-9540-9164c7cacba6.jpg,""
media/21a638d6-190f-450b-8b6e-d17cf453a4e0.jpg,""
media/45188b5f-93b7-446a-bb0a-dff6db61819e.jpg,""
media/d9b6b765-4927-4e7e-bcdd-ba04e3b78baa.jpg,""
media/b5e32f3d-ded8-4fca-b112-224c3ce6361a.jpg,""
media/400bc381-bfd5-40c3-85a3-bd648836d62b.jpg,""
media/40e029f6-6525-46b8-b7f6-12b1e70d4996.jpg,""
media/4201aa24-5a94-4173-b459-60ca5246393b.jpg,""
media/61fc5692-0c4c-40f7-a4ba-d4046f600a09.jpg,""
media/446057d0-9a65-4ca9-b8ec-82059482af1d.jpg,""
media/f4bd7a47-e0a4-425c-afdc-c18e0a8cd55a.jpg,""
media/2d40de54-16a3-4366-81cb-b5788137652e.jpg,""
media/631023dc-63d9-4c23-83a1-6f652017aa9b.jpg,""
media/0e93066d-2c85-48f5-b2c8-efbf9b28b176.jpg,""
media/a3360475-56e2-4744-af16-25d192fc6c2d.jpg,"승호님, 형욱님이랑 서울-부산 라이딩 중 문경어딘가"
media/c68d2d08-b797-49ca-bb1d-9f781c465df6.jpg,단풍 가득한 한티재 올라가는길
media/35bfc367-67ac-47ff-b5b4-1b0ef45c0c2f.jpg,추석 귀성길에 이화령 정상에서
media/41efccea-3d95-40ea-a7b9-72a1ae98eda5.jpg,평창 OLF 그란폰도 코스돌다가 대관령 정상에서
media/111112e5-925c-44ac-a098-405a13e682a7.jpg,전성재씨랑 광안리 해변에서
media/469245f1-1415-4db3-87eb-a40093e94c30.jpg,날씨 좋은날 노을공원
media/b753513d-c028-4822-84eb-0fdb47fea10f.jpg,울산 간절곶 풍차
media/5adfbf1f-2d25-4583-a047-e8379d89ceae.jpg,ZEST분들과 함께한 울산에 있는 어느 업힐
media/aca29bca-a34e-409a-bf9b-523f31bae838.jpg,하이브리드와 함께한 첫 장거리 라이딩
media/04fa3661-1e52-4365-abe6-ce7d6050911e.jpg,수아랑 제주도 한바퀴
media/966b88ff-659d-4122-8886-e2241a8ce0a4.jpg,퍼머넌트 돌다가 들른 청계사
media/a2c9dac2-6764-4289-aa39-088b4d327fcc.jpg,태백 운탄고도
media/0c1447f9-5ce4-4cc4-9d8b-76eccb92b920.jpg,""
media/38ba8254-1fe9-4636-8ab3-f085462491a5.jpg,""
media/36feba75-b3d5-408c-986a-8fa1baa8ec05.jpg,""
media/934101f6-cd53-49d0-9dd2-079116828985.jpg,""
media/970fdd1c-4371-4ec9-96a6-9b98f09cb654.jpg,""
media/2bdea3f3-3471-4a5d-b6d9-226a2e1bfd00.jpg,""
media/b18b928e-b918-4429-94e7-d054d86b92d8.jpg,""
media/ce4380fd-d6ad-48ec-89eb-9233055fcece.jpg,""
media/48d789bd-005c-43e9-b087-55072ca9d218.jpg,""
media/da2abd5a-3e7a-41b7-a07c-0ec8a4619466.jpg,""
media/ea064334-2275-48eb-9966-052c9fe5efa2.jpg,""
media/5427313c-5ec3-4ea4-99d7-cf1ac70dbc10.jpg,""
media/6808ba28-7ca5-4829-8db4-df3f20c5c860.jpg,""
media/3d6eb646-7e39-477f-b3fb-7fcaf30abc95.jpg,""
media/dbc72ee3-e125-4430-8122-a33f1209fe62.jpg,""
media/d84b9376-e84e-4b39-a2e5-35bcd6e91c74.jpg,""
media/00897988-6d28-4daf-89eb-59e24462f830.jpg,""
media/014cc474-754a-4f55-b004-e2c9d9d54808.jpg,""
media/c7758ad0-cbf0-47c7-8851-94becedb5814.jpg,""
media/3cebeeed-d434-4a14-9693-1c0fd5000eee.jpg,""
media/6fc4c86e-e5c2-4bf1-8bc9-263aa44b4319.jpg,""
media/54fd67ed-82c5-4e09-add5-e143124b9ca1.jpg,""
media/ea974c87-dc75-4ba8-b541-352b9a4fa21d.jpg,""
media/a2c04457-fa38-44b5-ab82-69296bb81dd2.jpg,""
media/ddfe1e99-c887-4068-ba17-5e73b547dda5.jpg,""
media/f23efdde-1661-4bab-ab59-f2f2dd7bbd7f.jpg,""
media/2c345e60-7070-4115-831f-5526b1d9973a.jpg,""
media/eb6cb852-3834-49aa-b922-c70e062adb83.jpg,""
media/d2fdd439-1b26-4f93-b817-a58a9e3937e5.jpg,""
media/feb132cb-d0a4-4299-9d75-f7597bcd9247.jpg,""
media/15a62a8b-9be7-4a98-a8c2-3aee95708a9a.jpg,""
media/2ba5b949-9ddd-4f47-9d84-7fff3ddd9dea.jpg,""
media/769ca165-34cc-48a3-8c15-0b0f99948e35.jpg,""
media/ab8c9969-5bad-497a-99b2-d495af2cce76.jpg,""
media/5f629e98-a431-48b1-b4fe-853252c4a419.jpg,""
media/2de48a42-1979-4472-8d7f-00a58bebec6b.jpg,""
media/8d7bd79b-6b99-4356-b981-b9bee64a3878.jpg,""
media/6a56c18a-47dd-4b0a-8fd7-ee9718028c3a.jpg,""
media/493c6dbd-664a-468d-90a2-ffc663c6043a.jpg,""
media/1bbc3038-62c2-4e65-840b-81583df13160.jpg,""
media/632f6d73-c78b-4d41-8caa-d9d93c846b69.jpg,""
media/2a9a1cc8-dc01-47f9-8f7e-0c17c74b680d.jpg,""
media/24dec6ba-3e9e-4c2c-8438-a98c654050cd.jpg,""
media/0c0a67ad-bd0d-4e7d-bea9-87b4d8de98ad.jpg,""
media/a702dac6-c39c-4ffe-ac3d-bde9ba97a2ef.jpg,""
media/668423f9-162b-4d20-88ff-a5182f0e0716.jpg,""
media/8fbfdf64-ef04-41e9-984a-aae7a42e571b.jpg,""
media/f112d866-19a3-4edc-8b06-4f88c128a0f3.jpg,""
media/7e83f6d5-3ab8-4966-b2af-d5ec96a62eab.jpg,""
media/ceeb1f70-4708-418f-a67d-24cdec81a278.jpg,""
media/d5a9f6ca-1ea0-44a8-81bc-9ab6c3997e77.jpg,""
media/31c2fd5d-896b-4b38-a31f-115d225c6d1a.jpg,""
media/bd7060b1-9e0d-470d-9fed-da111f6a5389.jpg,""
media/669e4530-7ea3-449c-a907-b99fd70d731f.jpg,""
media/69808cff-7835-4d89-a9fa-bd54cbf0d569.jpg,""
media/9b12e62b-9c27-4704-b372-6446fd5ee15d.jpg,""
media/5426379F-9B16-420B-B86D-792900287E0C.jpg,""
media/CE9C55BF-A2C6-4B5E-9277-64DF6C62327E.jpg,""
media/3AC75FF5-C367-4F33-9901-E542195786D0.jpg,""
media/23FF8973-14E8-46D0-8EE3-45AD2C8F6045.jpg,""
media/3A905707-4E5C-41EA-BEE1-245C02D2A6B3.jpg,""
media/B1CF02FF-FF33-4283-B2A5-EBD47F53178C.jpg,""
media/A5151BF5-06CB-4813-870C-3E1D0CD4EC75.jpg,""
media/2EA7F8B4-B848-4546-A496-C05B8DFDBE51.jpg,""
media/AA403610-6DBD-42BE-9FD6-7EBAACEED8CA.jpg,""
media/E5535F0C-EA9F-481A-941C-8A47C605FABD.jpg,""
media/B4EDA9FD-DC0A-4359-8B30-3D05BB5540D3.jpg,""
media/88C29633-20B1-4793-876D-51F0F2148881.jpg,""
media/5315FE09-9B98-42D0-95C7-B7AAF89769D4.jpg,""
media/4F954890-7A46-4DEE-ABDE-90FF35AB8184.jpg,""
media/EE6B8139-75C7-4ECF-942C-887C20421B89.jpg,""
media/526abc11-ce8e-4b98-aab7-d8df75230eec.jpg,""
media/526abc11-ce8e-4b98-aab7-d8df75230eec.jpg,""
media/243F8D24-E350-47AE-955B-4BE27C98AD80.jpg,""
media/DFCB4A56-CF24-43A2-9450-909BA8F95F25.jpg,""
media/03764E1A-9A00-41A6-A043-9C76FB2673C7.jpg,""
media/0D45E578-67B0-42BA-A3D0-DE9A0C6D2B29.jpg,""
media/0517BD62-B512-4D3D-A828-96A5067FB1C3.jpg,""
media/93D7C6F3-5394-4231-A10D-8BCDD0041C34.jpg,""
media/54C073AE-BB17-4A74-A95A-9BD5FF379A9D.jpg,""
media/2F5D6914-9ECA-48E5-B64A-5942FADBC369.jpg,""
media/145ED4CD-6010-485B-B6F8-8C369B64F0F0.jpg,""
media/3B8A067C-69C8-4B91-A557-DCB665027CC5.jpg,""
media/5C29717C-D734-4698-8ED6-14DFB85A59C6.jpg,""
media/EACF1868-99B5-4004-B29E-2A5DDC66FFB7.jpg,""
media/024C2176-5D93-4DE6-9050-FE8452805CF2.jpg,""
media/0FC9B543-6C93-4027-8FD5-5EDC5B1D9911.jpg,""
media/DD376495-90BB-47EF-BDB5-AA61F89F15ED.jpg,""
media/22002F1D-836A-4A36-B808-0F450634FD95.jpg,""
media/AE2D5503-C31B-4194-8DE9-64AF15947C72.jpg,""
media/B5E70AF5-4DFB-4280-AA9C-1336562233BC.jpg,""
media/CB1721D3-FEDE-4C9F-ADFE-106072294FE6.jpg,""
media/2CE3179D-9F85-42C1-A59D-424A2FC53720.jpg,""
media/77E61E1B-3EE4-41BA-9906-32A794E85763.jpg,""
media/64237811-B8BE-400E-ADC3-5383981B50C4.jpg,""
media/53AA1A8A-5BBB-4D10-BD16-767DFD5B4935.jpg,""
media/732A29C1-0DC7-4BA9-A852-5CAFD3347F6C.jpg,""
media/E201517B-53B6-4E30-8E81-010C1361A05A.jpg,""
media/0DBB2FD2-2677-4724-A778-7D15FB953BF3.jpg,""
media/1453D986-8DD8-44A4-AC31-495DC4BED768.jpg,""
media/CFDA52D0-F7BB-48A3-9A45-04B84DE48345.jpg,""
media/B26D2C98-EACD-423F-BDAF-ECE79F02C2C4.jpg,""
media/3CA5B25E-C598-42D0-A4C1-6FD1B3842EBC.jpg,""
media/59F500C8-4967-4012-8C69-08309E81396B.jpg,""
media/78BA76DB-42D8-4B92-BC9E-E977D9762D54.jpg,""
